code,area,year,births,1_year_survival_number,1_year_survival_rate,2_year_survival_number,2_year_survival_rate,3_year_survival_number,3_year_survival_rate,4_year_survival_number,4_year_survival_rate,5_year_survival_number,5_year_survival_rate
E09000001,City of London,2002,1145,1025,89.5,915,79.9,760,66.4,660,57.6,600,52.4
E09000002,Barking and Dagenham,2002,435,410,94.3,335,77,250,57.5,205,47.1,175,40.2
E09000003,Barnet,2002,2330,2185,93.8,1805,77.5,1290,55.4,1030,44.2,855,36.7
E09000004,Bexley,2002,765,710,92.8,595,77.8,470,61.4,385,50.3,325,42.5
E09000005,Brent,2002,1635,1530,93.6,1135,69.4,810,49.5,625,38.2,525,32.1
E09000006,Bromley,2002,1280,1195,93.4,1025,80.1,825,64.5,665,52,565,44.1
E09000007,Camden,2002,2580,2400,93,1965,76.2,1485,57.6,1210,46.9,1045,40.5
E09000008,Croydon,2002,1395,1300,93.2,1080,77.4,805,57.7,655,47,560,40.1
E09000009,Ealing,2002,1775,1665,93.8,1325,74.6,1020,57.5,830,46.8,725,40.8
E09000010,Enfield,2002,1170,1080,92.3,905,77.4,685,58.5,560,47.9,465,39.7
E09000011,Greenwich,2002,770,720,93.5,590,76.6,450,58.4,350,45.5,285,37
E09000012,Hackney,2002,1330,1235,92.9,1030,77.4,770,57.9,610,45.9,530,39.8
E09000013,Hammersmith and Fulham,2002,2095,1950,93.1,1335,63.7,940,44.9,725,34.6,600,28.6
E09000014,Haringey,2002,1180,1100,93.2,865,73.3,630,53.4,490,41.5,420,35.6
E09000015,Harrow,2002,1210,1125,93,975,80.6,740,61.2,605,50,520,43
E09000016,Havering,2002,860,800,93,685,79.7,535,62.2,435,50.6,370,43
E09000017,Hillingdon,2002,1070,975,91.1,835,78,625,58.4,525,49.1,430,40.2
E09000018,Hounslow,2002,1115,1040,93.3,845,75.8,630,56.5,520,46.6,440,39.5
E09000019,Islington,2002,1625,1505,92.6,1235,76,935,57.5,755,46.5,650,40
E09000020,Kensington and Chelsea,2002,1405,1300,92.5,1095,77.9,865,61.6,720,51.2,615,43.8
E09000021,Kingston upon Thames,2002,785,730,93,635,80.9,485,61.8,390,49.7,340,43.3
E09000022,Lambeth,2002,1415,1330,94,1030,72.8,775,54.8,635,44.9,535,37.8
E09000023,Lewisham,2002,910,840,92.3,665,73.1,500,54.9,390,42.9,325,35.7
E09000024,Merton,2002,1140,1060,93,820,71.9,600,52.6,445,39,380,33.3
E09000025,Newham,2002,820,765,93.3,600,73.2,430,52.4,325,39.6,265,32.3
E09000026,Redbridge,2002,1060,970,91.5,820,77.4,580,54.7,475,44.8,400,37.7
E09000027,Richmond upon Thames,2002,1320,1230,93.2,1055,79.9,870,65.9,710,53.8,590,44.7
E09000028,Southwark,2002,1495,1385,92.6,1135,75.9,870,58.2,695,46.5,600,40.1
E09000029,Sutton,2002,700,655,93.6,570,81.4,450,64.3,355,50.7,290,41.4
E09000030,Tower Hamlets,2002,1440,1335,92.7,1075,74.7,790,54.9,630,43.8,520,36.1
E09000031,Waltham Forest,2002,980,920,93.9,720,73.5,500,51,380,38.8,315,32.1
E09000032,Wandsworth,2002,2040,1910,93.6,1375,67.4,1015,49.8,790,38.7,660,32.4
E09000033,Westminster,2002,5555,5065,91.2,4250,76.5,3255,58.6,2580,46.4,2200,39.6
E13000001,Inner London,2002,25035,23145,92.5,18570,74.2,14020,56,11215,44.8,9565,38.2
E13000002,Outer London,2002,21795,20300,93.1,16755,76.9,12620,57.9,10145,46.5,8555,39.3
E12000001,North East,2002,6730,6300,93.6,5270,78.3,4175,62,3465,51.5,2990,44.4
E12000002,North West,2002,24625,22820,92.7,19535,79.3,15420,62.6,12740,51.7,11025,44.8
E12000003,Yorkshire And The Humber,2002,17155,16045,93.5,13635,79.5,10975,64,9130,53.2,7850,45.8
E12000004,East Midlands,2002,16390,15290,93.3,13215,80.6,10520,64.2,8740,53.3,7605,46.4
E12000005,West Midlands,2002,19645,18090,92.1,15550,79.2,12415,63.2,10400,52.9,9025,45.9
E12000006,East,2002,24375,22750,93.3,19600,80.4,15780,64.7,13290,54.5,11530,47.3
E12000007,London,2002,46830,43445,92.8,35325,75.4,26640,56.9,21360,45.6,18120,38.7
E12000008,South East,2002,38310,35660,93.1,31310,81.7,25315,66.1,20545,53.6,17865,46.6
E12000009,South West,2002,21000,19380,92.3,16825,80.1,13655,65,11475,54.6,9995,47.6
E92000001,England,2002,215060,199780,92.9,170265,79.2,134895,62.7,111145,51.7,96005,44.6
W92000004,Wales,2002,8970,8195,91.4,6970,77.7,5590,62.3,4630,51.6,4020,44.8
S92000003,Scotland,2002,14180,13295,93.8,11390,80.3,9020,63.6,7465,52.6,6470,45.6
N92000002,Northern Ireland,2002,4325,4075,94.2,3600,83.2,2995,69.2,2665,61.6,2400,55.5
K04000001,England And Wales,2002,224030,207975,92.8,177235,79.1,140485,62.7,115775,51.7,100025,44.6
K03000001,Great Britain,2002,238210,221270,92.9,188625,79.2,149505,62.8,123240,51.7,106495,44.7
K02000001,United Kingdom,2002,242535,225345,92.9,192225,79.3,152500,62.9,125905,51.9,108895,44.9
E09000001,City of London,2003,1110,1025,92.3,865,77.9,760,68.5,665,59.9,585,52.7
E09000002,Barking and Dagenham,2003,460,415,90.2,340,73.9,255,55.4,205,44.6,180,39.1
E09000003,Barnet,2003,2370,2170,91.6,1705,71.9,1275,53.8,1055,44.5,905,38.2
E09000004,Bexley,2003,780,720,92.3,600,76.9,465,59.6,390,50,340,43.6
E09000005,Brent,2003,1690,1540,91.1,1165,68.9,885,52.4,710,42,575,34
E09000006,Bromley,2003,1270,1170,92.1,990,78,810,63.8,670,52.8,585,46.1
E09000007,Camden,2003,2670,2440,91.4,1980,74.2,1565,58.6,1310,49.1,1120,41.9
E09000008,Croydon,2003,1405,1290,91.8,1070,76.2,830,59.1,690,49.1,580,41.3
E09000009,Ealing,2003,2065,1875,90.8,1470,71.2,1115,54,890,43.1,725,35.1
E09000010,Enfield,2003,1230,1150,93.5,935,76,740,60.2,615,50,515,41.9
E09000011,Greenwich,2003,755,705,93.4,570,75.5,435,57.6,360,47.7,300,39.7
E09000012,Hackney,2003,1360,1270,93.4,1040,76.5,810,59.6,680,50,585,43
E09000013,Hammersmith and Fulham,2003,1760,1585,90.1,1220,69.3,910,51.7,725,41.2,575,32.7
E09000014,Haringey,2003,1255,1145,91.2,885,70.5,680,54.2,555,44.2,450,35.9
E09000015,Harrow,2003,1215,1140,93.8,925,76.1,750,61.7,615,50.6,520,42.8
E09000016,Havering,2003,855,790,92.4,670,78.4,540,63.2,455,53.2,395,46.2
E09000017,Hillingdon,2003,1145,1050,91.7,875,76.4,685,59.8,575,50.2,480,41.9
E09000018,Hounslow,2003,1225,1115,91,930,75.9,745,60.8,610,49.8,500,40.8
E09000019,Islington,2003,1645,1500,91.2,1230,74.8,980,59.6,790,48,675,41
E09000020,Kensington and Chelsea,2003,1515,1390,91.7,1115,73.6,890,58.7,755,49.8,645,42.6
E09000021,Kingston upon Thames,2003,775,740,95.5,625,80.6,505,65.2,435,56.1,375,48.4
E09000022,Lambeth,2003,1485,1340,90.2,1035,69.7,780,52.5,635,42.8,525,35.4
E09000023,Lewisham,2003,910,835,91.8,680,74.7,525,57.7,420,46.2,345,37.9
E09000024,Merton,2003,1195,1085,90.8,840,70.3,645,54,530,44.4,445,37.2
E09000025,Newham,2003,870,805,92.5,615,70.7,455,52.3,375,43.1,320,36.8
E09000026,Redbridge,2003,1115,1030,92.4,815,73.1,605,54.3,495,44.4,405,36.3
E09000027,Richmond upon Thames,2003,1365,1270,93,1080,79.1,870,63.7,740,54.2,645,47.3
E09000028,Southwark,2003,1650,1500,90.9,1235,74.8,970,58.8,785,47.6,675,40.9
E09000029,Sutton,2003,670,625,93.3,525,78.4,430,64.2,360,53.7,320,47.8
E09000030,Tower Hamlets,2003,1500,1375,91.7,1090,72.7,845,56.3,705,47,595,39.7
E09000031,Waltham Forest,2003,1035,970,93.7,780,75.4,585,56.5,485,46.9,420,40.6
E09000032,Wandsworth,2003,2395,2120,88.5,1630,68.1,1175,49.1,925,38.6,770,32.2
E09000033,Westminster,2003,6065,5495,90.6,4440,73.2,3065,50.5,2545,42,2170,35.8
E13000001,Inner London,2003,26190,23825,91,19060,72.8,14410,55,11870,45.3,10035,38.3
E13000002,Outer London,2003,22620,20850,92.2,16910,74.8,13170,58.2,10885,48.1,9210,40.7
E12000001,North East,2003,7390,6820,92.3,5715,77.3,4620,62.5,3935,53.2,3355,45.4
E12000002,North West,2003,27735,25640,92.4,21620,78,17800,64.2,15290,55.1,13090,47.2
E12000003,Yorkshire And The Humber,2003,20065,18675,93.1,15830,78.9,13000,64.8,11055,55.1,9415,46.9
E12000004,East Midlands,2003,17975,16735,93.1,14165,78.8,11605,64.6,9935,55.3,8615,47.9
E12000005,West Midlands,2003,22090,20430,92.5,17360,78.6,14315,64.8,12300,55.7,10495,47.5
E12000006,East,2003,26140,24280,92.9,20700,79.2,17210,65.8,14870,56.9,12835,49.1
E12000007,London,2003,48810,44675,91.5,35970,73.7,27580,56.5,22755,46.6,19245,39.4
E12000008,South East,2003,41855,39045,93.3,33515,80.1,27755,66.3,23740,56.7,20570,49.1
E12000009,South West,2003,24160,22365,92.6,19230,79.6,16050,66.4,13860,57.4,11900,49.3
E92000001,England,2003,236220,218665,92.6,184105,77.9,149935,63.5,127740,54.1,109520,46.4
W92000004,Wales,2003,11045,10150,91.9,8605,77.9,7110,64.4,6100,55.2,5180,46.9
S92000003,Scotland,2003,15315,14275,93.2,11985,78.3,9715,63.4,8275,54,7275,47.5
N92000002,Northern Ireland,2003,4415,4195,95,3615,81.9,3115,70.6,2745,62.2,2480,56.2
K04000001,England And Wales,2003,247265,228815,92.5,192710,77.9,157045,63.5,133840,54.1,114700,46.4
K03000001,Great Britain,2003,262580,243090,92.6,204695,78,166760,63.5,142115,54.1,121975,46.5
K02000001,United Kingdom,2003,266995,247285,92.6,208310,78,169875,63.6,144860,54.3,124455,46.6
E09000001,City of London,2004,1175,1075,91.5,920,78.3,795,67.7,695,59.1,620,52.8
E09000002,Barking and Dagenham,2004,480,460,95.8,370,77.1,290,60.4,235,49,185,38.5
E09000003,Barnet,2004,2435,2285,93.8,1745,71.7,1385,56.9,1145,47,960,39.4
E09000004,Bexley,2004,940,885,94.1,735,78.2,565,60.1,475,50.5,415,44.1
E09000005,Brent,2004,1800,1670,92.8,1290,71.7,995,55.3,810,45,695,38.6
E09000006,Bromley,2004,1590,1510,95,1265,79.6,1015,63.8,855,53.8,745,46.9
E09000007,Camden,2004,2840,2690,94.7,2205,77.6,1810,63.7,1530,53.9,1350,47.5
E09000008,Croydon,2004,1630,1525,93.6,1240,76.1,1000,61.3,820,50.3,700,42.9
E09000009,Ealing,2004,2115,1990,94.1,1560,73.8,1210,57.2,980,46.3,820,38.8
E09000010,Enfield,2004,1400,1325,94.6,1080,77.1,855,61.1,700,50,600,42.9
E09000011,Greenwich,2004,975,925,94.9,750,76.9,590,60.5,470,48.2,390,40
E09000012,Hackney,2004,1445,1360,94.1,1100,76.1,875,60.6,740,51.2,640,44.3
E09000013,Hammersmith and Fulham,2004,1865,1740,93.3,1315,70.5,985,52.8,790,42.4,660,35.4
E09000014,Haringey,2004,1345,1260,93.7,985,73.2,780,58,660,49.1,550,40.9
E09000015,Harrow,2004,1370,1300,94.9,1045,76.3,845,61.7,705,51.5,595,43.4
E09000016,Havering,2004,1055,1000,94.8,840,79.6,660,62.6,555,52.6,460,43.6
E09000017,Hillingdon,2004,1215,1150,94.7,950,78.2,770,63.4,650,53.5,555,45.7
E09000018,Hounslow,2004,1310,1225,93.5,995,76,780,59.5,640,48.9,530,40.5
E09000019,Islington,2004,1870,1755,93.9,1405,75.1,1120,59.9,920,49.2,780,41.7
E09000020,Kensington and Chelsea,2004,1660,1560,94,1255,75.6,1030,62,860,51.8,750,45.2
E09000021,Kingston upon Thames,2004,880,835,94.9,680,77.3,555,63.1,455,51.7,380,43.2
E09000022,Lambeth,2004,1850,1745,94.3,1385,74.9,1080,58.4,870,47,725,39.2
E09000023,Lewisham,2004,1135,1070,94.3,880,77.5,660,58.1,545,48,465,41
E09000024,Merton,2004,1205,1135,94.2,900,74.7,685,56.8,550,45.6,470,39
E09000025,Newham,2004,965,905,93.8,685,71,525,54.4,420,43.5,360,37.3
E09000026,Redbridge,2004,1330,1250,94,980,73.7,770,57.9,625,47,520,39.1
E09000027,Richmond upon Thames,2004,1475,1410,95.6,1190,80.7,1015,68.8,860,58.3,730,49.5
E09000028,Southwark,2004,1945,1820,93.6,1475,75.8,1160,59.6,950,48.8,780,40.1
E09000029,Sutton,2004,855,805,94.2,675,78.9,550,64.3,455,53.2,380,44.4
E09000030,Tower Hamlets,2004,1855,1760,94.9,1425,76.8,1125,60.6,930,50.1,770,41.5
E09000031,Waltham Forest,2004,1130,1050,92.9,830,73.5,635,56.2,520,46,420,37.2
E09000032,Wandsworth,2004,2630,2455,93.3,1895,72.1,1455,55.3,1155,43.9,960,36.5
E09000033,Westminster,2004,5850,5450,93.2,4410,75.4,3600,61.5,2985,51,2530,43.2
E13000001,Inner London,2004,28430,26645,93.7,21340,75.1,17000,59.8,14050,49.4,11940,42
E13000002,Outer London,2004,25190,23735,94.2,19120,75.9,15170,60.2,12505,49.6,10550,41.9
E12000001,North East,2004,7645,7150,93.5,5880,76.9,4925,64.4,4080,53.4,3485,45.6
E12000002,North West,2004,28845,27145,94.1,22810,79.1,19100,66.2,15950,55.3,13505,46.8
E12000003,Yorkshire And The Humber,2004,20470,19295,94.3,16045,78.4,13295,64.9,11060,54,9385,45.8
E12000004,East Midlands,2004,18805,17770,94.5,15010,79.8,12560,66.8,10630,56.5,9130,48.6
E12000005,West Midlands,2004,23010,21660,94.1,18165,78.9,15145,65.8,12625,54.9,10805,47
E12000006,East,2004,27600,26025,94.3,22010,79.7,18505,67,15490,56.1,13350,48.4
E12000007,London,2004,53620,50380,94,40460,75.5,32170,60,26555,49.5,22490,41.9
E12000008,South East,2004,44345,41915,94.5,35545,80.2,29675,66.9,25030,56.4,21595,48.7
E12000009,South West,2004,24110,22820,94.6,19620,81.4,16600,68.9,14025,58.2,12110,50.2
E92000001,England,2004,248450,234160,94.2,195545,78.7,161975,65.2,135445,54.5,115855,46.6
W92000004,Wales,2004,11525,10850,94.1,9150,79.4,7730,67.1,6455,56,5460,47.4
S92000003,Scotland,2004,14375,13535,94.2,11180,77.8,9245,64.3,7925,55.1,6830,47.5
N92000002,Northern Ireland,2004,5730,5350,93.4,4545,79.3,3860,67.4,3370,58.8,3030,52.9
K04000001,England And Wales,2004,259975,245010,94.2,204695,78.7,169705,65.3,141900,54.6,121315,46.7
K03000001,Great Britain,2004,274350,258545,94.2,215875,78.7,178950,65.2,149825,54.6,128145,46.7
K02000001,United Kingdom,2004,280080,263895,94.2,220420,78.7,182810,65.3,153195,54.7,131175,46.8
E09000001,City of London,2005,1305,1225,93.9,1060,81.2,850,65.1,640,49,565,43.3
E09000002,Barking and Dagenham,2005,500,475,95,385,77,285,57,225,45,170,33.9
E09000003,Barnet,2005,2425,2310,95.3,1885,77.7,1475,60.8,1240,51.1,1030,42.4
E09000004,Bexley,2005,900,855,95,705,78.3,580,64.4,490,54.4,410,45.4
E09000005,Brent,2005,1740,1630,93.7,1315,75.6,1045,60.1,880,50.6,695,40
E09000006,Bromley,2005,1500,1425,95,1190,79.3,965,64.3,795,53,635,42.4
E09000007,Camden,2005,2570,2420,94.2,1990,77.4,1625,63.2,1345,52.3,1110,43.1
E09000008,Croydon,2005,1525,1440,94.4,1180,77.4,915,60,760,49.8,640,42.1
E09000009,Ealing,2005,1885,1810,96,1455,77.2,1120,59.4,895,47.5,705,37.3
E09000010,Enfield,2005,1380,1325,96,1105,80.1,880,63.8,750,54.3,540,39
E09000011,Greenwich,2005,1000,955,95.5,795,79.5,625,62.5,505,50.5,405,40.6
E09000012,Hackney,2005,1360,1285,94.5,1080,79.4,855,62.9,695,51.1,575,42.5
E09000013,Hammersmith and Fulham,2005,1745,1635,93.7,1285,73.6,980,56.2,775,44.4,605,34.7
E09000014,Haringey,2005,1285,1215,94.6,940,73.2,735,57.2,605,47.1,490,38.1
E09000015,Harrow,2005,1325,1260,95.1,1060,80,840,63.4,690,52.1,545,41.3
E09000016,Havering,2005,895,855,95.5,725,81,585,65.4,495,55.3,395,43.9
E09000017,Hillingdon,2005,1105,1035,93.7,865,78.3,705,63.8,580,52.5,465,41.9
E09000018,Hounslow,2005,1325,1260,95.1,1055,79.6,795,60,660,49.8,540,40.9
E09000019,Islington,2005,1890,1795,95,1500,79.4,1220,64.6,1005,53.2,745,39.5
E09000020,Kensington and Chelsea,2005,1490,1395,93.6,1180,79.2,960,64.4,785,52.7,640,42.8
E09000021,Kingston upon Thames,2005,865,830,96,715,82.7,560,64.7,465,53.8,365,41.9
E09000022,Lambeth,2005,1580,1495,94.6,1205,76.3,950,60.1,780,49.4,615,39
E09000023,Lewisham,2005,1070,1005,93.9,815,76.2,630,58.9,505,47.2,405,37.8
E09000024,Merton,2005,1200,1140,95,910,75.8,700,58.3,560,46.7,440,36.7
E09000025,Newham,2005,1950,1895,97.2,1720,88.2,1000,51.3,420,21.5,325,16.6
E09000026,Redbridge,2005,1225,1145,93.5,925,75.5,710,58,595,48.6,460,37.7
E09000027,Richmond upon Thames,2005,1345,1280,95.2,1115,82.9,910,67.7,765,56.9,615,45.9
E09000028,Southwark,2005,1760,1675,95.2,1415,80.4,1115,63.4,925,52.6,735,41.8
E09000029,Sutton,2005,795,750,94.3,650,81.8,535,67.3,460,57.9,375,46.9
E09000030,Tower Hamlets,2005,1705,1610,94.4,1335,78.3,1050,61.6,845,49.6,610,35.8
E09000031,Waltham Forest,2005,1110,1035,93.2,825,74.3,635,57.2,510,45.9,395,35.6
E09000032,Wandsworth,2005,2230,2095,93.9,1675,75.1,1275,57.2,1035,46.4,830,37.3
E09000033,Westminster,2005,5300,4990,94.2,4090,77.2,3295,62.2,2745,51.8,2285,43.1
E13000001,Inner London,2005,27240,25735,94.5,21290,78.2,16540,60.7,13105,48.1,10535,38.7
E13000002,Outer London,2005,24045,22815,94.9,18860,78.4,14865,61.8,12320,51.2,9825,40.8
E12000001,North East,2005,7655,7165,93.6,6065,79.2,4855,63.4,3970,51.9,3305,43.2
E12000002,North West,2005,29220,27630,94.6,23450,80.3,18930,64.8,15705,53.7,12625,43.2
E12000003,Yorkshire And The Humber,2005,19930,18555,93.1,15535,77.9,12465,62.5,10320,51.8,8570,43
E12000004,East Midlands,2005,19140,18005,94.1,15290,79.9,12520,65.4,10500,54.9,8640,45.2
E12000005,West Midlands,2005,23115,21820,94.4,18540,80.2,14930,64.6,12490,54,10215,44.2
E12000006,East,2005,26195,24640,94.1,21080,80.5,17285,66,14515,55.4,12065,46.1
E12000007,London,2005,51285,48550,94.7,40150,78.3,31405,61.2,25425,49.6,20360,39.7
E12000008,South East,2005,42555,40315,94.7,34775,81.7,28700,67.4,23985,56.4,19930,46.8
E12000009,South West,2005,22315,21085,94.5,18050,80.9,14900,66.8,12735,57.1,10735,48.1
E92000001,England,2005,241410,227765,94.3,192935,79.9,155990,64.6,129645,53.7,106445,44.1
W92000004,Wales,2005,10875,10235,94.1,8665,79.7,7000,64.4,5830,53.6,4825,44.4
S92000003,Scotland,2005,16935,15815,93.4,13115,77.4,10845,64,9125,53.9,7720,45.6
N92000002,Northern Ireland,2005,5635,5325,94.5,4615,81.9,4005,71.1,3520,62.5,3040,54
K04000001,England And Wales,2005,252285,238000,94.3,201600,79.9,162990,64.6,135475,53.7,111270,44.1
K03000001,Great Britain,2005,269220,253815,94.3,214715,79.8,173835,64.6,144600,53.7,118990,44.2
K02000001,United Kingdom,2005,274855,259140,94.3,219330,79.8,177840,64.7,148120,53.9,122030,44.4
E09000001,City of London,2006,1225,1170,95.5,1005,82,860,70.2,700,57.1,615,50.2
E09000002,Barking and Dagenham,2006,485,465,95.9,390,80.4,305,62.9,230,47.5,190,39.2
E09000003,Barnet,2006,2150,2050,95.3,1650,76.7,1340,62.3,1090,50.6,905,42.1
E09000004,Bexley,2006,895,870,97.2,745,83.2,620,69.3,490,54.9,410,45.8
E09000005,Brent,2006,1565,1495,95.5,1205,77,935,59.7,720,46.1,595,38
E09000006,Bromley,2006,1515,1445,95.4,1240,81.8,1030,68,815,53.7,680,44.9
E09000007,Camden,2006,2485,2385,96,1950,78.5,1570,63.2,1245,50.1,1060,42.7
E09000008,Croydon,2006,1580,1490,94.3,1185,75,955,60.4,750,47.3,610,38.6
E09000009,Ealing,2006,1775,1710,96.3,1400,78.9,1110,62.5,855,48.1,725,40.8
E09000010,Enfield,2006,1385,1320,95.3,1085,78.3,895,64.6,660,47.8,550,39.7
E09000011,Greenwich,2006,940,885,94.1,740,78.7,580,61.7,445,47.6,375,39.9
E09000012,Hackney,2006,1330,1270,95.5,1045,78.6,860,64.7,670,50.5,575,43.2
E09000013,Hammersmith and Fulham,2006,1470,1400,95.2,1115,75.9,895,60.9,690,46.8,545,37.1
E09000014,Haringey,2006,1130,1080,95.6,870,77,690,61.1,550,48.4,470,41.6
E09000015,Harrow,2006,1200,1165,97.1,965,80.4,785,65.4,620,51.6,540,45
E09000016,Havering,2006,885,850,96,720,81.4,610,68.9,475,53.8,390,44.1
E09000017,Hillingdon,2006,1165,1125,96.6,930,79.8,745,63.9,585,50.4,490,42.1
E09000018,Hounslow,2006,1175,1120,95.3,945,80.4,760,64.7,605,51.4,480,40.9
E09000019,Islington,2006,1640,1580,96.3,1290,78.7,1080,65.9,870,53.2,735,44.8
E09000020,Kensington and Chelsea,2006,1445,1405,97.2,1175,81.3,970,67.1,790,54.9,655,45.3
E09000021,Kingston upon Thames,2006,850,830,97.6,695,81.8,555,65.3,460,54.1,390,45.9
E09000022,Lambeth,2006,1520,1465,96.4,1180,77.6,945,62.2,715,47.1,595,39.1
E09000023,Lewisham,2006,1065,1025,96.2,840,78.9,685,64.3,530,49.8,440,41.3
E09000024,Merton,2006,1240,1175,94.8,950,76.6,760,61.3,580,46.8,490,39.5
E09000025,Newham,2006,900,870,96.7,680,75.6,515,57.2,390,43.5,315,35
E09000026,Redbridge,2006,1310,1250,95.4,975,74.4,755,57.6,560,42.8,450,34.4
E09000027,Richmond upon Thames,2006,1280,1240,96.9,1040,81.3,840,65.6,675,52.7,580,45.3
E09000028,Southwark,2006,1775,1710,96.3,1410,79.4,1115,62.8,855,48.1,720,40.6
E09000029,Sutton,2006,810,785,96.9,665,82.1,550,67.9,450,55.6,395,48.8
E09000030,Tower Hamlets,2006,1585,1530,96.5,1250,78.9,1000,63.1,785,49.3,650,41
E09000031,Waltham Forest,2006,1155,1110,96.1,895,77.5,710,61.5,485,41.8,385,33.3
E09000032,Wandsworth,2006,1995,1915,96,1570,78.7,1255,62.9,965,48.4,805,40.4
E09000033,Westminster,2006,4965,4760,95.9,3930,79.2,3240,65.3,2580,51.9,2220,44.7
E13000001,Inner London,2006,24530,23565,96.1,19310,78.7,15680,63.9,12335,50.3,10400,42.4
E13000002,Outer London,2006,23360,22380,95.8,18420,78.9,14840,63.5,11550,49.4,9630,41.2
E12000001,North East,2006,7090,6855,96.7,5680,80.1,4570,64.5,3695,52.1,3090,43.6
E12000002,North West,2006,27265,26335,96.6,21845,80.1,17775,65.2,14025,51.4,11735,43
E12000003,Yorkshire And The Humber,2006,18555,17890,96.4,14770,79.6,11890,64.1,9500,51.2,7960,42.9
E12000004,East Midlands,2006,17715,17135,96.7,14380,81.2,11875,67,9435,53.3,7970,45
E12000005,West Midlands,2006,21025,20305,96.6,16985,80.8,14005,66.6,11160,53.1,9395,44.7
E12000006,East,2006,25055,24090,96.1,20310,81.1,16670,66.5,13555,54.1,11510,45.9
E12000007,London,2006,47890,45945,95.9,37730,78.8,30520,63.7,23885,49.9,20030,41.8
E12000008,South East,2006,39195,38005,97,32430,82.7,26975,68.8,22055,56.3,18720,47.8
E12000009,South West,2006,21330,20655,96.8,17555,82.3,14725,69,12085,56.6,10425,48.9
E92000001,England,2006,225120,217215,96.5,181685,80.7,149005,66.2,119395,53,100835,44.8
W92000004,Wales,2006,9760,9420,96.5,7855,80.5,6370,65.3,5125,52.5,4320,44.3
S92000003,Scotland,2006,15070,14545,96.5,12100,80.3,9900,65.7,8200,54.4,6980,46.3
N92000002,Northern Ireland,2006,5580,5330,95.5,4520,81,3920,70.3,3340,59.9,2820,50.5
K04000001,England And Wales,2006,234880,226635,96.5,189540,80.7,155375,66.2,124520,53,105155,44.8
K03000001,Great Britain,2006,249950,241180,96.5,201640,80.7,165275,66.1,132720,53.1,112135,44.9
K02000001,United Kingdom,2006,255530,246510,96.5,206160,80.7,169195,66.2,136060,53.2,114955,45
E09000001,City of London,2007,1305,1260,96.6,1080,82.8,860,66,730,55.9,650,49.8
E09000002,Barking and Dagenham,2007,510,505,99,405,79.4,290,56.5,225,44.1,195,38.2
E09000003,Barnet,2007,2305,2300,99.8,1890,82,1380,59.7,1135,49.2,980,42.5
E09000004,Bexley,2007,870,835,96,690,79.3,535,61.6,430,49.4,375,43.1
E09000005,Brent,2007,1750,1660,94.9,1330,76,970,55.5,825,47.1,695,39.7
E09000006,Bromley,2007,1750,1655,94.6,1445,82.6,1075,61.4,885,50.6,765,43.7
E09000007,Camden,2007,2745,2705,98.5,2265,82.5,1730,62.9,1395,50.8,1190,43.4
E09000008,Croydon,2007,1595,1515,95,1280,80.3,965,60.5,780,48.9,660,41.4
E09000009,Ealing,2007,2035,1835,90.2,1530,75.2,1125,55.4,920,45.2,785,38.6
E09000010,Enfield,2007,1285,1235,96.1,1000,77.8,755,58.7,630,49,535,41.6
E09000011,Greenwich,2007,995,930,93.5,775,77.9,580,58.1,465,46.7,395,39.7
E09000012,Hackney,2007,1520,1455,95.7,1235,81.3,940,61.9,775,51,700,46.1
E09000013,Hammersmith and Fulham,2007,1785,1655,92.7,1350,75.6,975,54.7,790,44.3,680,38.1
E09000014,Haringey,2007,1270,1235,97.2,1020,80.3,785,61.9,655,51.6,570,44.9
E09000015,Harrow,2007,1310,1310,100,1105,84.4,855,65.2,715,54.6,605,46.2
E09000016,Havering,2007,990,940,94.9,780,78.8,590,59.5,490,49.5,405,40.9
E09000017,Hillingdon,2007,1220,1190,97.5,1010,82.8,770,63.2,640,52.5,575,47.1
E09000018,Hounslow,2007,1360,1300,95.6,1100,80.9,805,59.2,655,48.2,575,42.3
E09000019,Islington,2007,1800,1735,96.4,1450,80.6,1135,62.9,925,51.4,810,45
E09000020,Kensington and Chelsea,2007,1585,1465,92.4,1240,78.2,945,59.7,785,49.5,670,42.3
E09000021,Kingston upon Thames,2007,1025,1000,97.6,875,85.4,665,65,530,51.7,465,45.4
E09000022,Lambeth,2007,1930,1805,93.5,1525,79,1115,57.8,900,46.6,765,39.6
E09000023,Lewisham,2007,1230,1145,93.1,980,79.7,715,58.3,590,48,505,41.1
E09000024,Merton,2007,1330,1265,95.1,1045,78.6,815,61.4,650,48.9,560,42.1
E09000025,Newham,2007,940,870,92.6,690,73.4,505,53.8,405,43.1,340,36.2
E09000026,Redbridge,2007,1350,1315,97.4,1070,79.3,780,57.9,645,47.8,555,41.1
E09000027,Richmond upon Thames,2007,1560,1485,95.2,1275,81.7,1005,64.5,840,53.8,725,46.5
E09000028,Southwark,2007,1960,1825,93.1,1525,77.8,1150,58.6,930,47.4,770,39.3
E09000029,Sutton,2007,870,850,97.7,715,82.2,560,64.4,465,53.4,405,46.6
E09000030,Tower Hamlets,2007,1695,1575,92.9,1295,76.4,970,57.2,785,46.3,670,39.5
E09000031,Waltham Forest,2007,1020,970,95.1,775,76,575,56.4,465,45.6,390,38.2
E09000032,Wandsworth,2007,2550,2430,95.3,2005,78.6,1445,56.5,1115,43.7,910,35.7
E09000033,Westminster,2007,5675,5205,91.7,4325,76.2,3255,57.4,2660,46.9,2295,40.4
E13000001,Inner London,2007,27990,26365,94.2,21985,78.5,16525,59,13440,48,11525,41.2
E13000002,Outer London,2007,25130,24095,95.9,20095,80,15095,60.1,12390,49.3,10645,42.4
E12000001,North East,2007,8795,8315,94.5,7045,80.1,5485,62.3,4495,51.1,3845,43.7
E12000002,North West,2007,30195,28870,95.6,24735,81.9,18920,62.7,15540,51.5,13150,43.6
E12000003,Yorkshire And The Humber,2007,20385,19265,94.5,15945,78.2,12260,60.1,10015,49.1,8535,41.9
E12000004,East Midlands,2007,18610,17860,96,15250,81.9,11990,64.4,9840,52.9,8440,45.4
E12000005,West Midlands,2007,22805,21710,95.2,18625,81.7,14210,62.3,11655,51.1,9885,43.3
E12000006,East,2007,27600,26420,95.7,22530,81.6,17600,63.8,14645,53.1,12610,45.7
E12000007,London,2007,53120,50460,95,42080,79.2,31620,59.5,25830,48.6,22170,41.7
E12000008,South East,2007,42320,40765,96.3,35475,83.8,27995,66.1,23315,55.1,20010,47.3
E12000009,South West,2007,22870,21845,95.5,18880,82.6,15070,65.9,12645,55.3,11000,48.1
E92000001,England,2007,246700,235510,95.5,200565,81.3,155150,62.9,127980,51.9,109645,44.4
W92000004,Wales,2007,9905,9375,94.6,7930,80.1,6135,61.9,5020,50.7,4320,43.6
S92000003,Scotland,2007,18165,17460,96.1,14820,81.6,11890,65.5,9930,54.7,8615,47.4
N92000002,Northern Ireland,2007,5960,5640,94.6,4590,77,3735,62.7,3055,51.3,2625,44
K04000001,England And Wales,2007,256605,244885,95.4,208495,81.3,161285,62.9,133000,51.8,113965,44.4
K03000001,Great Britain,2007,274770,262345,95.5,223315,81.3,173175,63,142930,52,122580,44.6
K02000001,United Kingdom,2007,280730,267985,95.5,227905,81.2,176910,63,145985,52,125205,44.6
E09000001,City of London,2008,2005,1275,63.6,1060,52.8,875,43.6,770,38.4,665,33.2
E09000002,Barking and Dagenham,2008,720,675,93.8,485,67.7,355,49.3,300,41.7,250,34.7
E09000003,Barnet,2008,2610,2295,87.9,1775,68,1395,53.4,1205,46.2,1030,39.5
E09000004,Bexley,2008,795,755,95,595,74.5,470,59.1,410,51.6,345,43.4
E09000005,Brent,2008,1950,1790,91.8,1385,70.9,1055,54.1,885,45.4,740,37.9
E09000006,Bromley,2008,1540,1445,93.8,1055,68.6,815,52.9,700,45.5,610,39.6
E09000007,Camden,2008,3035,2590,85.3,2060,67.9,1610,53,1340,44.2,1155,38.1
E09000008,Croydon,2008,1575,1445,91.7,1145,72.8,870,55.2,740,47,630,40
E09000009,Ealing,2008,2155,1970,91.4,1530,71.1,1175,54.5,975,45.2,830,38.5
E09000010,Enfield,2008,1425,1335,93.7,1040,73,775,54.2,655,45.8,545,38.1
E09000011,Greenwich,2008,1045,970,92.8,715,68.5,530,50.7,450,43.1,375,35.9
E09000012,Hackney,2008,1740,1595,91.7,1195,68.8,925,53.2,765,44,645,37.1
E09000013,Hammersmith and Fulham,2008,1960,1705,87,1260,64.2,960,49,790,40.3,665,33.9
E09000014,Haringey,2008,1425,1315,92.3,995,69.8,745,52.3,630,44.2,545,38.2
E09000015,Harrow,2008,1435,1325,92.3,1060,73.7,845,58.9,715,49.8,605,42.2
E09000016,Havering,2008,1090,1010,92.7,790,72.7,585,53.9,485,44.7,385,35.5
E09000017,Hillingdon,2008,1395,1290,92.5,1050,75.2,835,59.9,725,52,605,43.4
E09000018,Hounslow,2008,1510,1395,92.4,1110,73.5,830,55,690,45.7,575,38.1
E09000019,Islington,2008,1940,1700,87.6,1325,68.2,1040,53.6,855,44.1,710,36.6
E09000020,Kensington and Chelsea,2008,1645,1470,89.4,1155,70.2,885,53.8,755,45.9,625,38
E09000021,Kingston upon Thames,2008,1025,945,92.2,730,71.6,590,57.6,500,48.8,415,40.5
E09000022,Lambeth,2008,1855,1650,88.9,1270,68.6,935,50.4,775,41.8,645,34.8
E09000023,Lewisham,2008,1290,1200,93,900,70,660,51.2,545,42.2,450,34.9
E09000024,Merton,2008,1370,1255,91.6,1000,72.9,775,56.6,650,47.4,540,39.4
E09000025,Newham,2008,1180,1095,92.8,740,62.6,530,44.9,435,36.9,345,29.2
E09000026,Redbridge,2008,1420,1320,93,1005,70.6,735,51.8,625,44,515,36.3
E09000027,Richmond upon Thames,2008,1560,1445,92.6,1195,76.6,950,60.9,805,51.6,685,43.9
E09000028,Southwark,2008,2025,1790,88.4,1345,66.5,990,48.9,810,40,680,33.6
E09000029,Sutton,2008,780,715,91.7,580,74.2,460,59,400,51.3,325,41.7
E09000030,Tower Hamlets,2008,2045,1765,86.3,1355,66.3,1020,49.9,870,42.5,715,35
E09000031,Waltham Forest,2008,1095,1000,91.3,775,70.9,590,53.9,490,44.7,420,38.4
E09000032,Wandsworth,2008,2570,2295,89.3,1800,70,1370,53.3,1125,43.8,915,35.6
E09000033,Westminster,2008,6745,5440,80.7,4295,63.6,3310,49.1,2770,41.1,2340,34.7
E13000001,Inner London,2008,31460,26885,85.5,20755,66,15855,50.4,13235,42.1,11100,35.3
E13000002,Outer London,2008,26495,24380,92,19020,71.8,14635,55.2,12405,46.8,10425,39.3
E12000001,North East,2008,7675,7170,93.4,5815,75.7,4575,59.6,3800,49.5,3145,41
E12000002,North West,2008,27465,25770,93.8,20515,74.7,15870,57.8,13245,48.2,11070,40.3
E12000003,Yorkshire And The Humber,2008,18670,16940,90.7,13655,73.1,10585,56.7,8960,48,7580,40.6
E12000004,East Midlands,2008,16785,15750,93.8,12780,76.1,10015,59.7,8450,50.3,7220,43
E12000005,West Midlands,2008,20585,19280,93.7,15605,75.8,12070,58.6,10135,49.2,8475,41.2
E12000006,East,2008,25975,24160,93,19530,75.2,15495,59.7,13085,50.4,11010,42.4
E12000007,London,2008,57955,51265,88.5,39775,68.6,30490,52.6,25640,44.2,21525,37.1
E12000008,South East,2008,40365,37640,93.2,30900,76.5,24795,61.4,21050,52.1,17875,44.3
E12000009,South West,2008,20870,19650,94.2,16130,77.3,12990,62.3,11075,53.1,9505,45.6
E92000001,England,2008,236345,217625,92.1,174705,73.9,136885,57.9,115440,48.8,97405,41.2
W92000004,Wales,2008,9220,8690,94.3,7050,76.5,5530,60,4660,50.5,3920,42.5
S92000003,Scotland,2008,16225,15145,93.3,12510,77.1,9935,61.2,8410,51.8,7080,43.6
N92000002,Northern Ireland,2008,5655,4605,81.4,3585,63.4,2855,50.5,2400,42.4,2010,35.5
K04000001,England And Wales,2008,245565,226315,92.2,181755,74,142415,58,120100,48.9,101325,41.3
K03000001,Great Britain,2008,261790,241460,92.2,194265,74.2,152350,58.2,128510,49.1,108405,41.4
K02000001,United Kingdom,2008,267445,246065,92,197850,74,155205,58,130910,48.9,110415,41.3
E09000001,City of London,2009,1790,1290,72.1,1060,59.2,890,49.7,745,41.6,650,36.3
E09000002,Barking and Dagenham,2009,615,560,91.1,415,67.5,320,52,245,39.8,205,33.3
E09000003,Barnet,2009,2410,2065,85.7,1635,67.8,1280,53.1,1085,45,905,37.6
E09000004,Bexley,2009,720,675,93.8,550,76.4,455,63.2,370,51.4,315,43.8
E09000005,Brent,2009,1685,1540,91.4,1195,70.9,945,56.1,760,45.1,630,37.4
E09000006,Bromley,2009,1320,1195,90.5,975,73.9,790,59.8,650,49.2,550,41.7
E09000007,Camden,2009,2735,2280,83.4,1855,67.8,1490,54.5,1225,44.8,1055,38.6
E09000008,Croydon,2009,1400,1265,90.4,1020,72.9,820,58.6,660,47.1,550,39.3
E09000009,Ealing,2009,1940,1790,92.3,1400,72.2,1130,58.2,940,48.5,780,40.2
E09000010,Enfield,2009,1310,1185,90.5,920,70.2,730,55.7,575,43.9,490,37.4
E09000011,Greenwich,2009,920,860,93.5,695,75.5,545,59.2,450,48.9,375,40.8
E09000012,Hackney,2009,1510,1380,91.4,1120,74.2,925,61.3,765,50.7,650,43
E09000013,Hammersmith and Fulham,2009,1560,1395,89.4,1085,69.6,840,53.8,660,42.3,570,36.5
E09000014,Haringey,2009,1275,1160,91,915,71.8,715,56.1,590,46.3,505,39.6
E09000015,Harrow,2009,1455,1320,90.7,1050,72.2,845,58.1,700,48.1,610,41.9
E09000016,Havering,2009,955,890,93.2,700,73.3,565,59.2,455,47.6,370,38.7
E09000017,Hillingdon,2009,1230,1125,91.5,920,74.8,720,58.5,585,47.6,490,39.8
E09000018,Hounslow,2009,1310,1200,91.6,955,72.9,755,57.6,620,47.3,520,39.7
E09000019,Islington,2009,1665,1470,88.3,1175,70.6,940,56.5,775,46.5,675,40.5
E09000020,Kensington and Chelsea,2009,1450,1300,89.7,1035,71.4,835,57.6,690,47.6,585,40.3
E09000021,Kingston upon Thames,2009,905,845,93.4,710,78.5,590,65.2,455,50.3,380,42
E09000022,Lambeth,2009,1445,1345,93.1,1050,72.7,840,58.1,665,46,560,38.8
E09000023,Lewisham,2009,1030,950,92.2,740,71.8,580,56.3,475,46.1,395,38.3
E09000024,Merton,2009,1085,1005,92.6,810,74.7,625,57.6,495,45.6,405,37.3
E09000025,Newham,2009,1070,1000,93.5,755,70.6,575,53.7,450,42.1,375,35
E09000026,Redbridge,2009,1485,1290,86.9,1035,69.7,800,53.9,640,43.1,540,36.4
E09000027,Richmond upon Thames,2009,1400,1305,93.2,1075,76.8,890,63.6,740,52.9,625,44.6
E09000028,Southwark,2009,1690,1495,88.5,1200,71,950,56.2,775,45.9,645,38.2
E09000029,Sutton,2009,715,660,92.3,550,76.9,435,60.8,355,49.7,315,44.1
E09000030,Tower Hamlets,2009,1740,1520,87.4,1205,69.3,970,55.7,775,44.5,630,36.2
E09000031,Waltham Forest,2009,975,920,94.4,710,72.8,535,54.9,420,43.1,370,37.9
E09000032,Wandsworth,2009,2000,1865,93.3,1510,75.5,1225,61.3,960,48,815,40.8
E09000033,Westminster,2009,5780,4520,78.2,3610,62.5,2885,49.9,2375,41.1,2010,34.8
E13000001,Inner London,2009,26740,22970,85.9,18315,68.5,14660,54.8,11925,44.6,10120,37.8
E13000002,Outer London,2009,23835,21695,91,17320,72.7,13775,57.8,11200,47,9425,39.5
E12000001,North East,2009,6625,6105,92.2,4865,73.4,3905,58.9,3160,47.7,2660,40.2
E12000002,North West,2009,23920,21920,91.6,17765,74.3,14215,59.4,11445,47.8,9695,40.5
E12000003,Yorkshire And The Humber,2009,17005,15240,89.6,12285,72.2,9905,58.2,8165,48,7010,41.2
E12000004,East Midlands,2009,14860,13685,92.1,11150,75,9010,60.6,7465,50.2,6405,43.1
E12000005,West Midlands,2009,18245,16710,91.6,13420,73.6,10810,59.2,8890,48.7,7580,41.5
E12000006,East,2009,23535,21780,92.5,18025,76.6,14650,62.2,12080,51.3,10430,44.3
E12000007,London,2009,50575,44665,88.3,35635,70.5,28435,56.2,23125,45.7,19545,38.6
E12000008,South East,2009,36320,33275,91.6,27505,75.7,22495,61.9,18585,51.2,15900,43.8
E12000009,South West,2009,17950,16630,92.6,13765,76.7,11340,63.2,9400,52.4,8085,45
E92000001,England,2009,209035,190010,90.9,154415,73.9,124765,59.7,102315,48.9,87310,41.8
W92000004,Wales,2009,8325,7665,92.1,6155,73.9,4895,58.8,3990,47.9,3400,40.8
S92000003,Scotland,2009,14725,13370,90.8,10950,74.4,8855,60.1,7180,48.8,6205,42.1
N92000002,Northern Ireland,2009,3945,3365,85.3,2645,67,2180,55.3,1835,46.5,1565,39.7
K04000001,England And Wales,2009,217360,197675,90.9,160570,73.9,129660,59.7,106305,48.9,90710,41.7
K03000001,Great Britain,2009,232085,211045,90.9,171520,73.9,138515,59.7,113485,48.9,96915,41.8
K02000001,United Kingdom,2009,236030,214410,90.8,174165,73.8,140695,59.6,115320,48.9,98480,41.7
E09000001,City of London,2010,1730,1275,73.7,1085,62.7,900,52,765,44.2,680,39.3
E09000002,Barking and Dagenham,2010,635,560,88.2,450,70.9,335,52.8,265,41.7,230,36.2
E09000003,Barnet,2010,2440,1995,81.8,1625,66.6,1255,51.4,1055,43.2,895,36.7
E09000004,Bexley,2010,840,720,85.7,600,71.4,465,55.4,385,45.8,330,39.3
E09000005,Brent,2010,1630,1430,87.7,1165,71.5,890,54.6,755,46.3,650,39.9
E09000006,Bromley,2010,1475,1300,88.1,1120,75.9,885,60,745,50.5,650,44.1
E09000007,Camden,2010,2930,2375,81.1,1980,67.6,1585,54.1,1310,44.7,1130,38.6
E09000008,Croydon,2010,1495,1295,86.6,1080,72.2,795,53.2,660,44.1,570,38.1
E09000009,Ealing,2010,1715,1490,86.9,1215,70.8,940,54.8,780,45.5,675,39.4
E09000010,Enfield,2010,1390,1165,83.8,965,69.4,730,52.5,620,44.6,530,38.1
E09000011,Greenwich,2010,1060,930,87.7,765,72.2,595,56.1,490,46.2,420,39.6
E09000012,Hackney,2010,1570,1345,85.7,1105,70.4,870,55.4,735,46.8,640,40.8
E09000013,Hammersmith and Fulham,2010,1640,1380,84.1,1135,69.2,875,53.4,715,43.6,600,36.6
E09000014,Haringey,2010,1325,1150,86.8,940,70.9,720,54.3,620,46.8,535,40.4
E09000015,Harrow,2010,1470,1270,86.4,1055,71.8,835,56.8,725,49.3,625,42.5
E09000016,Havering,2010,890,785,88.2,645,72.5,510,57.3,430,48.3,365,41
E09000017,Hillingdon,2010,1190,1065,89.5,880,73.9,690,58,600,50.4,520,43.7
E09000018,Hounslow,2010,1415,1270,89.8,1075,76,850,60.1,710,50.2,615,43.5
E09000019,Islington,2010,1730,1480,85.5,1245,72,955,55.2,805,46.5,675,39
E09000020,Kensington and Chelsea,2010,1620,1350,83.3,1125,69.4,875,54,720,44.4,630,38.9
E09000021,Kingston upon Thames,2010,885,755,85.3,640,72.3,510,57.6,425,48,365,41.2
E09000022,Lambeth,2010,1555,1370,88.1,1155,74.3,890,57.2,760,48.9,655,42.1
E09000023,Lewisham,2010,985,875,88.8,700,71.1,545,55.3,455,46.2,390,39.6
E09000024,Merton,2010,1215,1070,88.1,895,73.7,710,58.4,595,49,510,42
E09000025,Newham,2010,1215,1030,84.8,800,65.8,585,48.1,480,39.5,405,33.3
E09000026,Redbridge,2010,1525,1315,86.2,1065,69.8,805,52.8,660,43.3,555,36.4
E09000027,Richmond upon Thames,2010,1400,1240,88.6,1080,77.1,865,61.8,740,52.9,640,45.7
E09000028,Southwark,2010,1770,1525,86.2,1270,71.8,975,55.1,810,45.8,705,39.8
E09000029,Sutton,2010,780,680,87.2,570,73.1,465,59.6,395,50.6,350,44.9
E09000030,Tower Hamlets,2010,1960,1595,81.4,1330,67.9,1030,52.6,855,43.6,715,36.5
E09000031,Waltham Forest,2010,1075,905,84.2,735,68.4,550,51.2,470,43.7,400,37.2
E09000032,Wandsworth,2010,2125,1905,89.6,1590,74.8,1245,58.6,1000,47.1,845,39.8
E09000033,Westminster,2010,6075,4730,77.9,3930,64.7,3160,52,2625,43.2,2245,37
E13000001,Inner London,2010,28230,23385,82.8,19390,68.7,15210,53.9,12655,44.8,10850,38.4
E13000002,Outer London,2010,24525,21240,86.6,17625,71.9,13680,55.8,11505,46.9,9895,40.3
E12000001,North East,2010,5975,5275,88.3,4405,73.7,3425,57.3,2820,47.2,2430,40.7
E12000002,North West,2010,22705,19855,87.4,16320,71.9,12650,55.7,10575,46.6,9060,39.9
E12000003,Yorkshire And The Humber,2010,16630,14245,85.7,11785,70.9,9260,55.7,7805,46.9,6780,40.8
E12000004,East Midlands,2010,14325,12650,88.3,10600,74,8260,57.7,6985,48.8,6000,41.9
E12000005,West Midlands,2010,17805,15515,87.1,12880,72.3,10175,57.1,8585,48.2,7360,41.3
E12000006,East,2010,22580,19835,87.8,16685,73.9,13250,58.7,11235,49.8,9735,43.1
E12000007,London,2010,52755,44625,84.6,37015,70.2,28890,54.8,24160,45.8,20745,39.3
E12000008,South East,2010,36910,32440,87.9,27485,74.5,21960,59.5,18565,50.3,16015,43.4
E12000009,South West,2010,17835,15720,88.1,13240,74.2,10690,59.9,9095,51,7875,44.2
E92000001,England,2010,207520,180160,86.8,150415,72.5,118560,57.1,99825,48.1,86000,41.4
W92000004,Wales,2010,7505,6510,86.7,5415,72.2,4235,56.4,3560,47.4,3055,40.7
S92000003,Scotland,2010,15530,13285,85.5,11265,72.5,8865,57.1,7505,48.3,6435,41.4
N92000002,Northern Ireland,2010,4590,3990,86.9,3305,72,2550,55.6,2140,46.6,1855,40.4
K04000001,England And Wales,2010,215025,186670,86.8,155830,72.5,122795,57.1,103385,48.1,89055,41.4
K03000001,Great Britain,2010,230555,199955,86.7,167095,72.5,131660,57.1,110890,48.1,95490,41.4
K02000001,United Kingdom,2010,235145,203945,86.7,170400,72.5,134210,57.1,113030,48.1,97345,41.4
E09000001,City of London,2011,1780,1425,80.1,1135,63.8,925,52,805,45.2,680,38.2
E09000002,Barking and Dagenham,2011,835,785,94,605,72.5,455,54.5,375,44.9,320,38.3
E09000003,Barnet,2011,2835,2580,91,2045,72.1,1635,57.7,1385,48.9,1170,41.3
E09000004,Bexley,2011,945,885,93.7,725,76.7,555,58.7,470,49.7,415,43.9
E09000005,Brent,2011,1915,1805,94.3,1415,73.9,1085,56.7,900,47,780,40.7
E09000006,Bromley,2011,1580,1470,93,1210,76.6,990,62.7,850,53.8,735,46.5
E09000007,Camden,2011,3200,2885,90.2,2285,71.4,1835,57.3,1545,48.3,1340,41.9
E09000008,Croydon,2011,1755,1645,93.7,1315,74.9,1055,60.1,900,51.3,775,44.2
E09000009,Ealing,2011,2210,2105,95.2,1695,76.7,1270,57.5,1055,47.7,905,41
E09000010,Enfield,2011,1530,1395,91.2,1090,71.2,865,56.5,730,47.7,630,41.2
E09000011,Greenwich,2011,1215,1145,94.2,890,73.3,690,56.8,575,47.3,500,41.2
E09000012,Hackney,2011,1970,1825,92.6,1485,75.4,1200,60.9,1005,51,850,43.1
E09000013,Hammersmith and Fulham,2011,1830,1695,92.6,1335,73,1025,56,845,46.2,715,39.1
E09000014,Haringey,2011,1570,1475,93.9,1155,73.6,915,58.3,775,49.4,660,42
E09000015,Harrow,2011,1605,1515,94.4,1205,75.1,950,59.2,805,50.2,695,43.3
E09000016,Havering,2011,1005,945,94,755,75.1,590,58.7,490,48.8,430,42.8
E09000017,Hillingdon,2011,1520,1445,95.1,1165,76.6,925,60.9,770,50.7,690,45.4
E09000018,Hounslow,2011,1885,1790,95,1430,75.9,1130,59.9,950,50.4,815,43.2
E09000019,Islington,2011,2180,2015,92.4,1645,75.5,1340,61.5,1105,50.7,950,43.6
E09000020,Kensington and Chelsea,2011,1665,1550,93.1,1235,74.2,970,58.3,815,48.9,695,41.7
E09000021,Kingston upon Thames,2011,985,920,93.4,780,79.2,640,65,540,54.8,470,47.7
E09000022,Lambeth,2011,1945,1825,93.8,1475,75.8,1150,59.1,925,47.6,805,41.4
E09000023,Lewisham,2011,1350,1270,94.1,985,73,765,56.7,650,48.1,570,42.2
E09000024,Merton,2011,1505,1425,94.7,1160,77.1,925,61.5,770,51.2,655,43.5
E09000025,Newham,2011,1580,1480,93.7,1120,70.9,830,52.5,675,42.7,575,36.4
E09000026,Redbridge,2011,1770,1670,94.4,1325,74.9,1040,58.8,875,49.4,740,41.8
E09000027,Richmond upon Thames,2011,1500,1420,94.7,1175,78.3,930,62,795,53,695,46.3
E09000028,Southwark,2011,1995,1810,90.7,1425,71.4,1115,55.9,930,46.6,810,40.6
E09000029,Sutton,2011,860,815,94.8,680,79.1,565,65.7,485,56.4,420,48.8
E09000030,Tower Hamlets,2011,2330,2180,93.6,1745,74.9,1360,58.4,1130,48.5,950,40.8
E09000031,Waltham Forest,2011,1385,1290,93.1,950,68.6,720,52,595,43,485,35
E09000032,Wandsworth,2011,2530,2415,95.5,1965,77.7,1570,62.1,1270,50.2,1085,42.9
E09000033,Westminster,2011,6630,5675,85.6,4570,68.9,3615,54.5,3045,45.9,2615,39.4
E13000001,Inner London,2011,32555,29525,90.7,23560,72.4,18615,57.2,15520,47.7,13300,40.9
E13000002,Outer London,2011,28840,27050,93.8,21615,74.9,17015,59,14315,49.6,12325,42.7
E12000001,North East,2011,7070,6625,93.7,5325,75.3,4200,59.4,3510,49.6,3010,42.6
E12000002,North West,2011,25695,23915,93.1,19170,74.6,15305,59.6,12715,49.5,10950,42.6
E12000003,Yorkshire And The Humber,2011,17235,15880,92.1,12790,74.2,10170,59,8580,49.8,7450,43.2
E12000004,East Midlands,2011,16055,14975,93.3,12030,74.9,9665,60.2,8155,50.8,7050,43.9
E12000005,West Midlands,2011,19555,18260,93.4,14865,76,11880,60.8,10060,51.4,8685,44.4
E12000006,East,2011,24930,23415,93.9,19295,77.4,15625,62.7,13175,52.8,11425,45.8
E12000007,London,2011,61395,56575,92.1,45175,73.6,35630,58,29835,48.6,25625,41.7
E12000008,South East,2011,40775,38150,93.6,31470,77.2,25440,62.4,21610,53,18765,46
E12000009,South West,2011,19750,18520,93.8,15285,77.4,12435,63,10530,53.3,9280,47
E92000001,England,2011,232460,216315,93.1,175405,75.5,140350,60.4,118170,50.8,102240,44
W92000004,Wales,2011,8225,7745,94.2,6205,75.4,4940,60.1,4135,50.3,3555,43.2
S92000003,Scotland,2011,16940,15905,93.9,13150,77.6,10630,62.8,9020,53.2,7720,45.6
N92000002,Northern Ireland,2011,3745,3375,90.1,2755,73.6,2220,59.3,1935,51.7,1725,46.1
K04000001,England And Wales,2011,240685,224060,93.1,181610,75.5,145290,60.4,122305,50.8,105795,44
K03000001,Great Britain,2011,257625,239965,93.1,194760,75.6,155920,60.5,131325,51,113515,44.1
K02000001,United Kingdom,2011,261370,243340,93.1,197515,75.6,158140,60.5,133260,51,115240,44.1
E09000001,City of London,2012,1900,1435,75.5,1190,62.6,995,52.4,855,45,720,37.9
E09000002,Barking and Dagenham,2012,845,790,93.5,620,73.4,475,56.2,395,46.7,335,39.6
E09000003,Barnet,2012,2995,2615,87.3,2090,69.8,1685,56.3,1430,47.7,1225,40.9
E09000004,Bexley,2012,895,830,92.7,675,75.4,530,59.2,460,51.4,395,44.1
E09000005,Brent,2012,1975,1810,91.6,1390,70.4,1095,55.4,920,46.6,775,39.2
E09000006,Bromley,2012,1670,1555,93.1,1285,76.9,1040,62.3,875,52.4,745,44.6
E09000007,Camden,2012,3140,2705,86.1,2175,69.3,1755,55.9,1460,46.5,1240,39.5
E09000008,Croydon,2012,1765,1645,93.2,1300,73.7,1030,58.4,825,46.7,695,39.4
E09000009,Ealing,2012,2225,2050,92.1,1635,73.5,1305,58.7,1115,50.1,945,42.5
E09000010,Enfield,2012,1615,1485,92,1190,73.7,955,59.1,820,50.8,705,43.7
E09000011,Greenwich,2012,1250,1155,92.4,890,71.2,705,56.4,585,46.8,500,40
E09000012,Hackney,2012,2140,1915,89.5,1580,73.8,1255,58.6,1050,49.1,930,43.5
E09000013,Hammersmith and Fulham,2012,1885,1700,90.2,1305,69.2,990,52.5,795,42.2,670,35.5
E09000014,Haringey,2012,1500,1370,91.3,1070,71.3,850,56.7,720,48,610,40.7
E09000015,Harrow,2012,1730,1605,92.8,1290,74.6,1035,59.8,880,50.9,750,43.4
E09000016,Havering,2012,1085,1015,93.5,835,77,685,63.1,580,53.5,490,45.2
E09000017,Hillingdon,2012,1490,1380,92.6,1110,74.5,895,60.1,780,52.3,660,44.3
E09000018,Hounslow,2012,1820,1650,90.7,1350,74.2,1060,58.2,900,49.5,790,43.4
E09000019,Islington,2012,2335,2080,89.1,1610,69,1235,52.9,1050,45,890,38.1
E09000020,Kensington and Chelsea,2012,1685,1505,89.3,1160,68.8,910,54,765,45.4,655,38.9
E09000021,Kingston upon Thames,2012,980,910,92.9,775,79.1,645,65.8,575,58.7,490,50
E09000022,Lambeth,2012,4255,4110,96.6,2870,67.5,1790,42.1,1440,33.8,1065,25
E09000023,Lewisham,2012,1415,1320,93.3,1065,75.3,835,59,710,50.2,600,42.4
E09000024,Merton,2012,1530,1405,91.8,1105,72.2,875,57.2,760,49.7,650,42.5
E09000025,Newham,2012,1575,1450,92.1,1070,67.9,820,52.1,685,43.5,580,36.8
E09000026,Redbridge,2012,1830,1660,90.7,1295,70.8,1025,56,860,47,730,39.9
E09000027,Richmond upon Thames,2012,1595,1465,91.8,1210,75.9,970,60.8,855,53.6,730,45.8
E09000028,Southwark,2012,1995,1780,89.2,1415,70.9,1100,55.1,920,46.1,795,39.8
E09000029,Sutton,2012,910,845,92.9,700,76.9,575,63.2,475,52.2,410,45.1
E09000030,Tower Hamlets,2012,2395,2120,88.5,1660,69.3,1285,53.7,1030,43,860,35.9
E09000031,Waltham Forest,2012,1385,1275,92.1,985,71.1,750,54.2,620,44.8,520,37.5
E09000032,Wandsworth,2012,2370,2160,91.1,1765,74.5,1365,57.6,1130,47.7,945,39.9
E09000033,Westminster,2012,6915,5585,80.8,4440,64.2,3515,50.8,2920,42.2,2460,35.6
E13000001,Inner London,2012,35505,31235,88,24375,68.7,18700,52.7,15530,43.7,13020,36.7
E13000002,Outer London,2012,29590,27145,91.7,21730,73.4,17335,58.6,14710,49.7,12540,42.4
E12000001,North East,2012,7265,6695,92.2,5495,75.6,4390,60.4,3720,51.2,3165,43.6
E12000002,North West,2012,26535,24400,92,19700,74.2,15765,59.4,13325,50.2,11375,42.9
E12000003,Yorkshire And The Humber,2012,17680,16200,91.6,13130,74.3,10570,59.8,8995,50.9,7760,43.9
E12000004,East Midlands,2012,16625,15350,92.3,12465,75,10100,60.8,8645,52,7470,44.9
E12000005,West Midlands,2012,19650,18095,92.1,14700,74.8,11835,60.2,10065,51.2,8715,44.4
E12000006,East,2012,25335,23325,92.1,19145,75.6,15585,61.5,13325,52.6,11505,45.4
E12000007,London,2012,65095,58380,89.7,46105,70.8,36030,55.3,30235,46.4,25560,39.3
E12000008,South East,2012,41245,37575,91.1,30890,74.9,25210,61.1,21475,52.1,18475,44.8
E12000009,South West,2012,20230,18665,92.3,15320,75.7,12510,61.8,10700,52.9,9270,45.8
E92000001,England,2012,239660,218685,91.2,176950,73.8,141995,59.2,120485,50.3,103300,43.1
W92000004,Wales,2012,8270,7630,92.3,6205,75,4995,60.4,4245,51.3,3640,44
S92000003,Scotland,2012,17385,15955,91.8,13200,75.9,10780,62,9055,52.1,7590,43.7
N92000002,Northern Ireland,2012,3935,3555,90.3,2710,68.9,2235,56.8,1990,50.6,1760,44.7
K04000001,England And Wales,2012,247930,226315,91.3,183155,73.9,146990,59.3,124730,50.3,106935,43.1
K03000001,Great Britain,2012,265315,242270,91.3,196355,74,157770,59.5,133785,50.4,114525,43.2
K02000001,United Kingdom,2012,269250,245825,91.3,199065,73.9,160005,59.4,135775,50.4,116285,43.2
E09000001,City of London,2013,2300,1805,78.5,1480,64.3,1240,53.9,1060,46.1,915,39.8
E09000002,Barking and Dagenham,2013,1185,1125,94.9,865,73,690,58.2,545,46,435,36.7
E09000003,Barnet,2013,3730,3420,91.7,2755,73.9,2180,58.4,1835,49.2,1535,41.2
E09000004,Bexley,2013,1340,1260,94,985,73.5,810,60.4,685,51.1,565,42.2
E09000005,Brent,2013,2515,2345,93.2,1870,74.4,1500,59.6,1275,50.7,1060,42.1
E09000006,Bromley,2013,2080,1975,95,1635,78.6,1365,65.6,1160,55.8,970,46.6
E09000007,Camden,2013,3990,3575,89.6,2935,73.6,2360,59.1,1975,49.5,1635,41
E09000008,Croydon,2013,2305,2165,93.9,1735,75.3,1375,59.7,1125,48.8,930,40.3
E09000009,Ealing,2013,3200,3035,94.8,2425,75.8,1965,61.4,1620,50.6,1330,41.6
E09000010,Enfield,2013,2270,2125,93.6,1685,74.2,1305,57.5,1060,46.7,855,37.7
E09000011,Greenwich,2013,1740,1640,94.3,1265,72.7,970,55.7,825,47.4,645,37.1
E09000012,Hackney,2013,2845,2670,93.8,2185,76.8,1765,62,1485,52.2,1230,43.2
E09000013,Hammersmith and Fulham,2013,2290,2135,93.2,1680,73.4,1335,58.3,1120,48.9,935,40.8
E09000014,Haringey,2013,2110,1980,93.8,1570,74.4,1270,60.2,1045,49.5,850,40.3
E09000015,Harrow,2013,2170,2040,94,1660,76.5,1365,62.9,1165,53.7,980,45.2
E09000016,Havering,2013,1460,1370,93.8,1100,75.3,890,61,730,50,595,40.8
E09000017,Hillingdon,2013,1925,1795,93.2,1440,74.8,1175,61,990,51.4,830,43.1
E09000018,Hounslow,2013,2210,2070,93.7,1685,76.2,1370,62,1180,53.4,980,44.3
E09000019,Islington,2013,3400,3110,91.5,2465,72.5,1935,56.9,1585,46.6,1310,38.5
E09000020,Kensington and Chelsea,2013,2095,1945,92.8,1560,74.5,1235,58.9,1040,49.6,875,41.8
E09000021,Kingston upon Thames,2013,1185,1110,93.7,910,76.8,745,62.9,610,51.5,520,43.9
E09000022,Lambeth,2013,5115,4930,96.4,3265,63.8,2430,47.5,1720,33.6,1070,20.9
E09000023,Lewisham,2013,1825,1735,95.1,1340,73.4,1000,54.8,845,46.3,705,38.6
E09000024,Merton,2013,1945,1840,94.6,1525,78.4,1245,64,1010,51.9,835,42.9
E09000025,Newham,2013,2120,1970,92.9,1485,70,1115,52.6,930,43.9,740,34.9
E09000026,Redbridge,2013,2435,2295,94.3,1815,74.5,1465,60.2,1210,49.7,985,40.5
E09000027,Richmond upon Thames,2013,1930,1830,94.8,1520,78.8,1230,63.7,1020,52.8,840,43.5
E09000028,Southwark,2013,2635,2420,91.8,1935,73.4,1560,59.2,1305,49.5,1070,40.6
E09000029,Sutton,2013,1165,1100,94.4,885,76,715,61.4,600,51.5,510,43.8
E09000030,Tower Hamlets,2013,3315,2970,89.6,2315,69.8,1820,54.9,1480,44.6,1180,35.6
E09000031,Waltham Forest,2013,1860,1735,93.3,1320,71,1070,57.5,880,47.3,705,37.9
E09000032,Wandsworth,2013,3180,3000,94.3,2410,75.8,1890,59.4,1560,49.1,1290,40.6
E09000033,Westminster,2013,7730,6610,85.5,5315,68.8,4280,55.4,3555,46,2985,38.6
E13000001,Inner London,2013,44950,40855,90.9,31940,71.1,25235,56.1,20705,46.1,16790,37.4
E13000002,Outer London,2013,38650,36275,93.9,29080,75.2,23430,60.6,19525,50.5,16105,41.7
E12000001,North East,2013,9685,9130,94.3,7235,74.7,5830,60.2,4830,49.9,3980,41.1
E12000002,North West,2013,35285,33190,94.1,26240,74.4,21080,59.7,17940,50.8,14775,41.9
E12000003,Yorkshire And The Humber,2013,23120,21780,94.2,17390,75.2,14055,60.8,11990,51.9,10030,43.4
E12000004,East Midlands,2013,22035,20750,94.2,16635,75.5,13545,61.5,11425,51.8,9385,42.6
E12000005,West Midlands,2013,25735,24240,94.2,19385,75.3,15740,61.2,13275,51.6,11065,43
E12000006,East,2013,32570,30665,94.2,25025,76.8,20525,63,17370,53.3,14555,44.7
E12000007,London,2013,83600,77130,92.3,61020,73,48665,58.2,40230,48.1,32895,39.3
E12000008,South East,2013,50895,47835,94,39150,76.9,32165,63.2,27185,53.4,22700,44.6
E12000009,South West,2013,25640,24045,93.8,19685,76.8,16210,63.2,13815,53.9,11690,45.6
E92000001,England,2013,308565,288765,93.6,231765,75.1,187815,60.9,158060,51.2,131075,42.5
W92000004,Wales,2013,11320,10600,93.6,8465,74.8,6860,60.6,5730,50.6,4760,42
S92000003,Scotland,2013,21535,20250,94,16510,76.7,13380,62.1,11055,51.3,8985,41.7
N92000002,Northern Ireland,2013,4855,4195,86.4,3255,67,2750,56.6,2400,49.4,2090,43
K04000001,England And Wales,2013,319885,299365,93.6,240230,75.1,194675,60.9,163790,51.2,135835,42.5
K03000001,Great Britain,2013,341420,319615,93.6,256740,75.2,208055,60.9,174845,51.2,144820,42.4
K02000001,United Kingdom,2013,346275,323810,93.5,259995,75.1,210805,60.9,177245,51.2,146910,42.4
E09000001,City of London,2014,2610,1905,73,1580,60.5,1325,50.8,1115,42.7,985,37.7
E09000002,Barking and Dagenham,2014,1310,1215,92.7,970,74,770,58.8,590,45,485,37
E09000003,Barnet,2014,3985,3510,88.1,2810,70.5,2295,57.6,1860,46.7,1590,39.9
E09000004,Bexley,2014,1455,1365,93.8,1145,78.7,950,65.3,745,51.2,605,41.6
E09000005,Brent,2014,2585,2410,93.2,1930,74.7,1530,59.2,1250,48.4,1060,41
E09000006,Bromley,2014,2190,2040,93.2,1710,78.1,1405,64.2,1140,52.1,985,45
E09000007,Camden,2014,4375,3805,87,3045,69.6,2425,55.4,1955,44.7,1715,39.2
E09000008,Croydon,2014,2390,2230,93.3,1850,77.4,1510,63.2,1220,51,1005,42.1
E09000009,Ealing,2014,3110,2880,92.6,2380,76.5,1940,62.4,1575,50.6,1340,43.1
E09000010,Enfield,2014,2305,2095,90.9,1670,72.5,1305,56.6,1025,44.5,890,38.6
E09000011,Greenwich,2014,1690,1595,94.4,1305,77.2,1060,62.7,820,48.5,670,39.6
E09000012,Hackney,2014,3245,2995,92.3,2485,76.6,1985,61.2,1590,49,1375,42.4
E09000013,Hammersmith and Fulham,2014,2380,2175,91.4,1755,73.7,1340,56.3,1085,45.6,930,39.1
E09000014,Haringey,2014,2190,2055,93.8,1660,75.8,1330,60.7,1050,47.9,900,41.1
E09000015,Harrow,2014,2390,2190,91.6,1800,75.3,1470,61.5,1220,51,1040,43.5
E09000016,Havering,2014,1485,1390,93.6,1160,78.1,925,62.3,750,50.5,635,42.8
E09000017,Hillingdon,2014,2075,1935,93.3,1600,77.1,1290,62.2,1010,48.7,845,40.7
E09000018,Hounslow,2014,2320,2160,93.1,1775,76.5,1455,62.7,1190,51.3,1030,44.4
E09000019,Islington,2014,3715,3345,90,2695,72.5,2100,56.5,1690,45.5,1420,38.2
E09000020,Kensington and Chelsea,2014,2165,1980,91.5,1620,74.8,1280,59.1,1055,48.7,925,42.7
E09000021,Kingston upon Thames,2014,1270,1185,93.3,995,78.3,790,62.2,645,50.8,555,43.7
E09000022,Lambeth,2014,5570,5400,96.9,4140,74.3,3270,58.7,1445,25.9,1120,20.1
E09000023,Lewisham,2014,1870,1745,93.3,1420,75.9,1120,59.9,895,47.9,745,39.8
E09000024,Merton,2014,1995,1875,94,1550,77.7,1250,62.7,990,49.6,855,42.9
E09000025,Newham,2014,2365,2160,91.3,1695,71.7,1330,56.2,1020,43.1,875,37
E09000026,Redbridge,2014,2580,2405,93.2,1915,74.2,1535,59.5,1225,47.5,1060,41.1
E09000027,Richmond upon Thames,2014,1985,1870,94.2,1575,79.3,1270,64,1045,52.6,880,44.3
E09000028,Southwark,2014,2930,2645,90.3,2170,74.1,1700,58,1385,47.3,1180,40.3
E09000029,Sutton,2014,1185,1120,94.5,925,78.1,790,66.7,640,54,550,46.4
E09000030,Tower Hamlets,2014,3460,3185,92.1,2535,73.3,1965,56.8,1560,45.1,1290,37.3
E09000031,Waltham Forest,2014,2100,1935,92.1,1580,75.2,1250,59.5,995,47.4,845,40.2
E09000032,Wandsworth,2014,3055,2880,94.3,2365,77.4,1850,60.6,1480,48.4,1225,40.1
E09000033,Westminster,2014,8245,6840,83,5470,66.3,4380,53.1,3565,43.2,3135,38
E13000001,Inner London,2014,48175,43115,89.5,34635,71.9,27400,56.9,20890,43.4,17820,37
E13000002,Outer London,2014,40405,37405,92.6,30645,75.8,24790,61.4,19935,49.3,16925,41.9
E12000001,North East,2014,9650,8905,92.3,7290,75.5,5750,59.6,4620,47.9,3945,40.9
E12000002,North West,2014,34275,31800,92.8,26010,75.9,20865,60.9,16675,48.7,14230,41.5
E12000003,Yorkshire And The Humber,2014,23465,21705,92.5,17940,76.5,14550,62,11720,49.9,10090,43
E12000004,East Midlands,2014,22035,20565,93.3,16770,76.1,13570,61.6,10765,48.9,9275,42.1
E12000005,West Midlands,2014,25740,23740,92.2,19615,76.2,15900,61.8,12890,50.1,11165,43.4
E12000006,East,2014,32595,30360,93.1,25215,77.4,20550,63,16815,51.6,14515,44.5
E12000007,London,2014,88580,80520,90.9,65280,73.7,52190,58.9,40825,46.1,34745,39.2
E12000008,South East,2014,51280,47775,93.2,39900,77.8,32615,63.6,26875,52.4,23400,45.6
E12000009,South West,2014,25300,23500,92.9,19470,77,16040,63.4,13255,52.4,11610,45.9
E92000001,England,2014,312920,288870,92.3,237490,75.9,192030,61.4,154440,49.4,132975,42.5
W92000004,Wales,2014,11345,10485,92.4,8530,75.2,6810,60,5485,48.3,4765,42
S92000003,Scotland,2014,21235,19620,92.4,16170,76.1,12825,60.4,10400,49,8985,42.3
N92000002,Northern Ireland,2014,4805,4130,86,3345,69.6,2795,58.2,2395,49.8,2145,44.6
K04000001,England And Wales,2014,324265,299355,92.3,246020,75.9,198840,61.3,159925,49.3,137740,42.5
K03000001,Great Britain,2014,345500,318975,92.3,262190,75.9,211665,61.3,170325,49.3,146725,42.5
K02000001,United Kingdom,2014,350305,323105,92.2,265535,75.8,214460,61.2,172720,49.3,148870,42.5
E09000001,City of London,2015,4965,3735,75.2,2995,60.3,1740,35,1425,28.7,1250,25.2
E09000002,Barking and Dagenham,2015,1665,1580,94.9,1235,74.2,905,54.4,700,42,585,35.1
E09000003,Barnet,2015,4460,3640,81.6,2835,63.6,2230,50,1880,42.2,1645,36.9
E09000004,Bexley,2015,1605,1510,94.1,1225,76.3,945,58.9,755,47,650,40.5
E09000005,Brent,2015,2895,2635,91,2090,72.2,1610,55.6,1355,46.8,1175,40.6
E09000006,Bromley,2015,2340,2175,92.9,1785,76.3,1415,60.5,1195,51.1,1025,43.8
E09000007,Camden,2015,5445,4440,81.5,3445,63.3,2655,48.8,2170,39.9,1885,34.6
E09000008,Croydon,2015,2695,2490,92.4,1995,74,1555,57.7,1270,47.1,1065,39.5
E09000009,Ealing,2015,3420,3175,92.8,2495,73,1970,57.6,1620,47.4,1390,40.6
E09000010,Enfield,2015,2520,2295,91.1,1805,71.6,1405,55.8,1130,44.8,970,38.5
E09000011,Greenwich,2015,2260,2115,93.6,1690,74.8,1320,58.4,1080,47.8,905,40
E09000012,Hackney,2015,4105,3670,89.4,2870,69.9,2190,53.3,1830,44.6,1560,38
E09000013,Hammersmith and Fulham,2015,2560,2225,86.9,1695,66.2,1265,49.4,1015,39.6,870,34
E09000014,Haringey,2015,2350,2155,91.7,1735,73.8,1335,56.8,1115,47.4,965,41.1
E09000015,Harrow,2015,2605,2375,91.2,1885,72.4,1460,56,1240,47.6,1065,40.9
E09000016,Havering,2015,1720,1605,93.3,1275,74.1,965,56.1,790,45.9,660,38.4
E09000017,Hillingdon,2015,2310,2105,91.1,1685,72.9,1295,56.1,1095,47.4,965,41.8
E09000018,Hounslow,2015,2525,2325,92.1,1840,72.9,1430,56.6,1175,46.5,1040,41.2
E09000019,Islington,2015,5470,3310,60.5,2560,46.8,1935,35.4,1615,29.5,1360,24.9
E09000020,Kensington and Chelsea,2015,2355,2050,87,1585,67.3,1230,52.2,1055,44.8,920,39.1
E09000021,Kingston upon Thames,2015,1370,1235,90.1,985,71.9,780,56.9,655,47.8,565,41.2
E09000022,Lambeth,2015,3425,3210,93.7,2505,73.1,1645,48,1300,38,1085,31.7
E09000023,Lewisham,2015,2045,1935,94.6,1530,74.8,1140,55.7,915,44.7,785,38.4
E09000024,Merton,2015,2225,2050,92.1,1660,74.6,1275,57.3,1065,47.9,925,41.6
E09000025,Newham,2015,2860,2665,93.2,2070,72.4,1560,54.5,1290,45.1,1075,37.6
E09000026,Redbridge,2015,3150,2860,90.8,2265,71.9,1730,54.9,1410,44.8,1220,38.7
E09000027,Richmond upon Thames,2015,2025,1855,91.6,1515,74.8,1230,60.7,1045,51.6,910,44.9
E09000028,Southwark,2015,3135,2765,88.2,2220,70.8,1710,54.5,1420,45.3,1230,39.2
E09000029,Sutton,2015,1345,1250,92.9,1010,75.1,800,59.5,670,49.8,575,42.8
E09000030,Tower Hamlets,2015,3920,3390,86.5,2640,67.3,2015,51.4,1640,41.8,1370,34.9
E09000031,Waltham Forest,2015,2490,2325,93.4,1830,73.5,1390,55.8,1145,46,960,38.6
E09000032,Wandsworth,2015,3600,3320,92.2,2530,70.3,1880,52.2,1505,41.8,1265,35.1
E09000033,Westminster,2015,9060,6770,74.7,5295,58.4,4225,46.6,3610,39.8,3105,34.3
E13000001,Inner London,2015,55295,45640,82.5,35675,64.5,26525,48,21905,39.6,18725,33.9
E13000002,Outer London,2015,45625,41600,91.2,33105,72.6,25710,56.4,21275,46.6,18295,40.1
E12000001,North East,2015,9635,8865,92,6895,71.6,5275,54.7,4310,44.7,3690,38.3
E12000002,North West,2015,36500,33090,90.7,25835,70.8,19935,54.6,16505,45.2,14130,38.7
E12000003,Yorkshire And The Humber,2015,25140,22810,90.7,18055,71.8,13950,55.5,11650,46.3,10000,39.8
E12000004,East Midlands,2015,25345,23375,92.2,18855,74.4,13520,53.3,11090,43.8,9590,37.8
E12000005,West Midlands,2015,29350,26665,90.9,21330,72.7,16405,55.9,13255,45.2,11305,38.5
E12000006,East,2015,35440,32425,91.5,26050,73.5,20560,58,17270,48.7,14900,42
E12000007,London,2015,100920,87240,86.4,68780,68.2,52235,51.8,43180,42.8,37020,36.7
E12000008,South East,2015,55585,50385,90.6,40585,73,32470,58.4,27455,49.4,23680,42.6
E12000009,South West,2015,26150,23830,91.1,19185,73.4,15540,59.4,13230,50.6,11580,44.3
E92000001,England,2015,344065,308685,89.7,245570,71.4,189890,55.2,157945,45.9,135895,39.5
W92000004,Wales,2015,11525,10470,90.8,8190,71.1,6445,55.9,5410,46.9,4655,40.4
S92000003,Scotland,2015,21725,19565,90.1,15485,71.3,12070,55.6,10020,46.1,8570,39.4
N92000002,Northern Ireland,2015,5440,4800,88.2,3795,69.8,3090,56.8,2695,49.5,2380,43.8
K04000001,England And Wales,2015,355590,319155,89.8,253760,71.4,196335,55.2,163355,45.9,140550,39.5
K03000001,Great Britain,2015,377315,338720,89.8,269245,71.4,208405,55.2,173375,45.9,149120,39.5
K02000001,United Kingdom,2015,382755,343520,89.7,273040,71.3,211495,55.3,176070,46,151500,39.6
E09000001,City of London,2016,3950,3830,97,2435,61.6,1875,47.5,1635,41.4,1445,36.6
E09000002,Barking and Dagenham,2016,1760,1680,95.5,1260,71.6,950,54,780,44.3,650,36.9
E09000003,Barnet,2016,4020,3800,94.5,2975,74,2350,58.5,2000,49.8,1730,43
E09000004,Bexley,2016,1610,1530,95,1165,72.4,910,56.5,770,47.8,645,40.1
E09000005,Brent,2016,2915,2770,95,2110,72.4,1635,56.1,1360,46.7,1170,40.1
E09000006,Bromley,2016,2355,2240,95.1,1760,74.7,1375,58.4,1185,50.3,1010,42.9
E09000007,Camden,2016,5525,5305,96,4225,76.5,3265,59.1,2585,46.8,2245,40.6
E09000008,Croydon,2016,2830,2680,94.7,2010,71,1545,54.6,1300,45.9,1090,38.5
E09000009,Ealing,2016,3510,3345,95.3,2590,73.8,1970,56.1,1645,46.9,1370,39
E09000010,Enfield,2016,2555,2435,95.3,1835,71.8,1425,55.8,1165,45.6,1005,39.3
E09000011,Greenwich,2016,2190,2070,94.5,1555,71,1170,53.4,960,43.8,815,37.2
E09000012,Hackney,2016,4470,4250,95.1,3230,72.3,2495,55.8,2040,45.6,1720,38.5
E09000013,Hammersmith and Fulham,2016,2230,2110,94.6,1610,72.2,1210,54.3,970,43.5,820,36.8
E09000014,Haringey,2016,2350,2225,94.7,1715,73,1320,56.2,1075,45.7,920,39.1
E09000015,Harrow,2016,2585,2460,95.2,1880,72.7,1460,56.5,1220,47.2,1045,40.4
E09000016,Havering,2016,1820,1725,94.8,1345,73.9,1000,54.9,840,46.2,730,40.1
E09000017,Hillingdon,2016,2415,2305,95.4,1765,73.1,1320,54.7,1085,44.9,925,38.3
E09000018,Hounslow,2016,2530,2395,94.7,1865,73.7,1470,58.1,1235,48.8,1055,41.7
E09000019,Islington,2016,3560,3385,95.1,2585,72.6,1945,54.6,1610,45.2,1355,38.1
E09000020,Kensington and Chelsea,2016,2165,2060,95.2,1625,75.1,1275,58.9,1065,49.2,895,41.3
E09000021,Kingston upon Thames,2016,1355,1295,95.6,1040,76.8,840,62,705,52,585,43.2
E09000022,Lambeth,2016,3065,2940,95.9,2110,68.8,1590,51.9,1280,41.8,1065,34.7
E09000023,Lewisham,2016,2085,1980,95,1465,70.3,1105,53,935,44.8,785,37.6
E09000024,Merton,2016,2095,2010,95.9,1580,75.4,1225,58.5,1000,47.7,850,40.6
E09000025,Newham,2016,4005,3840,95.9,3065,76.5,2415,60.3,1240,31,1015,25.3
E09000026,Redbridge,2016,2990,2850,95.3,2155,72.1,1660,55.5,1360,45.5,1125,37.6
E09000027,Richmond upon Thames,2016,1950,1865,95.6,1510,77.4,1205,61.8,1030,52.8,885,45.4
E09000028,Southwark,2016,3470,3310,95.4,2245,64.7,1645,47.4,1330,38.3,1120,32.3
E09000029,Sutton,2016,1375,1305,94.9,1020,74.2,820,59.6,685,49.8,585,42.5
E09000030,Tower Hamlets,2016,3675,3480,94.7,2685,73.1,1995,54.3,1640,44.6,1310,35.6
E09000031,Waltham Forest,2016,2435,2320,95.3,1760,72.3,1360,55.9,1105,45.4,940,38.6
E09000032,Wandsworth,2016,3460,3260,94.2,2430,70.2,1825,52.7,1505,43.5,1240,35.8
E09000033,Westminster,2016,6860,6555,95.6,5315,77.5,4295,62.6,3685,53.7,3185,46.4
E13000001,Inner London,2016,50870,48530,95.4,36740,72.2,28255,55.5,22595,44.4,19120,37.6
E13000002,Outer London,2016,45295,43080,95.1,33180,73.3,25690,56.7,21430,47.3,18210,40.2
E12000001,North East,2016,9910,9405,94.9,7230,73,5560,56.1,4585,46.3,3960,40
E12000002,North West,2016,40515,38515,95.1,28700,70.8,20440,50.5,16865,41.6,14265,35.2
E12000003,Yorkshire And The Humber,2016,25800,24480,94.9,18485,71.6,13990,54.2,11715,45.4,10050,39
E12000004,East Midlands,2016,23980,22800,95.1,17030,71,13300,55.5,10995,45.9,9490,39.6
E12000005,West Midlands,2016,33490,32020,95.6,24890,74.3,16495,49.3,13695,40.9,11600,34.6
E12000006,East,2016,44125,42490,96.3,27425,62.2,20770,47.1,17430,39.5,14955,33.9
E12000007,London,2016,96165,91610,95.3,69920,72.7,53945,56.1,44025,45.8,37330,38.8
E12000008,South East,2016,53875,51200,95,40660,75.5,32350,60,27180,50.5,23260,43.2
E12000009,South West,2016,30820,29225,94.8,19490,63.2,15570,50.5,13150,42.7,11445,37.1
E92000001,England,2016,358680,341745,95.3,253830,70.8,192420,53.6,159640,44.5,136355,38
W92000004,Wales,2016,11755,11120,94.6,8585,73,6605,56.2,5520,47,4735,40.3
S92000003,Scotland,2016,21440,20405,95.2,16160,75.4,12590,58.7,10340,48.2,8725,40.7
N92000002,Northern Ireland,2016,5665,5235,92.4,4200,74.1,3470,61.3,3005,53,2680,47.3
K04000001,England And Wales,2016,370435,352865,95.3,262415,70.8,199025,53.7,165160,44.6,141090,38.1
K03000001,Great Britain,2016,391875,373270,95.3,278575,71.1,211615,54,175500,44.8,149815,38.2
K02000001,United Kingdom,2016,397540,378505,95.2,282775,71.1,215085,54.1,178505,44.9,152495,38.4
E09000001,City of London,2017,5045,4690,93,2420,48,1685,33.4,1295,25.7,:,:
E09000002,Barking and Dagenham,2017,1390,1285,92.4,1005,72.3,800,57.6,680,48.9,:,:
E09000003,Barnet,2017,3825,3425,89.5,2690,70.3,2055,53.7,1730,45.2,:,:
E09000004,Bexley,2017,1380,1290,93.5,1020,73.9,830,60.1,690,50,:,:
E09000005,Brent,2017,2570,2395,93.2,1860,72.4,1440,56,1170,45.5,:,:
E09000006,Bromley,2017,2445,2335,95.5,1885,77.1,1420,58.1,1125,46,:,:
E09000007,Camden,2017,5130,4885,95.2,3895,75.9,2870,55.9,2370,46.2,:,:
E09000008,Croydon,2017,2360,2195,93,1695,71.8,1310,55.5,1095,46.4,:,:
E09000009,Ealing,2017,3000,2835,94.5,2255,75.2,1780,59.3,1455,48.5,:,:
E09000010,Enfield,2017,2130,1985,93.2,1550,72.8,1245,58.5,1035,48.6,:,:
E09000011,Greenwich,2017,1800,1675,93.1,1335,74.2,1040,57.8,855,47.5,:,:
E09000012,Hackney,2017,4085,3870,94.7,3050,74.7,2315,56.7,1910,46.8,:,:
E09000013,Hammersmith and Fulham,2017,1950,1820,93.3,1435,73.6,1110,56.9,860,44.1,:,:
E09000014,Haringey,2017,2065,1925,93.2,1490,72.2,1160,56.2,985,47.7,:,:
E09000015,Harrow,2017,2220,2085,93.9,1645,74.1,1300,58.6,1100,49.5,:,:
E09000016,Havering,2017,1470,1370,93.2,1080,73.5,845,57.5,705,48,:,:
E09000017,Hillingdon,2017,2010,1870,93,1480,73.6,1190,59.2,1005,50,:,:
E09000018,Hounslow,2017,2050,1920,93.7,1500,73.2,1150,56.1,960,46.8,:,:
E09000019,Islington,2017,3455,3240,93.8,2540,73.5,1920,55.6,1545,44.7,:,:
E09000020,Kensington and Chelsea,2017,1915,1815,94.8,1470,76.8,1160,60.6,935,48.8,:,:
E09000021,Kingston upon Thames,2017,1235,1170,94.7,955,77.3,755,61.1,630,51,:,:
E09000022,Lambeth,2017,2505,2335,93.2,1795,71.7,1395,55.7,1115,44.5,:,:
E09000023,Lewisham,2017,1825,1695,92.9,1325,72.6,1045,57.3,835,45.8,:,:
E09000024,Merton,2017,1850,1720,93,1395,75.4,1115,60.3,905,48.9,:,:
E09000025,Newham,2017,2815,2655,94.3,1990,70.7,1315,46.7,1055,37.5,:,:
E09000026,Redbridge,2017,2530,2365,93.5,1865,73.7,1475,58.3,1230,48.6,:,:
E09000027,Richmond upon Thames,2017,1775,1700,95.8,1385,78,1125,63.4,925,52.1,:,:
E09000028,Southwark,2017,2555,2400,93.9,1905,74.6,1455,56.9,1160,45.4,:,:
E09000029,Sutton,2017,1140,1075,94.3,880,77.2,715,62.7,605,53.1,:,:
E09000030,Tower Hamlets,2017,3135,2955,94.3,2340,74.6,1780,56.8,1380,44,:,:
E09000031,Waltham Forest,2017,2055,1940,94.4,1530,74.5,1200,58.4,1010,49.1,:,:
E09000032,Wandsworth,2017,2920,2720,93.2,2160,74,1660,56.8,1305,44.7,:,:
E09000033,Westminster,2017,6705,6395,95.4,5200,77.6,4095,61.1,3440,51.3,:,:
E13000001,Inner London,2017,46105,43400,94.1,33015,71.6,24965,54.1,20190,43.8,:,:
E13000002,Outer London,2017,39235,36635,93.4,29010,73.9,22790,58.1,18910,48.2,:,:
E12000001,North East,2017,9110,8540,93.7,6740,74,5030,55.2,4145,45.5,:,:
E12000002,North West,2017,42815,40085,93.6,28530,66.6,20600,48.1,15790,36.9,:,:
E12000003,Yorkshire And The Humber,2017,21565,20135,93.4,16070,74.5,12730,59,10770,49.9,:,:
E12000004,East Midlands,2017,21575,20320,94.2,15865,73.5,12300,57,10295,47.7,:,:
E12000005,West Midlands,2017,29320,27685,94.4,18965,64.7,14280,48.7,11940,40.7,:,:
E12000006,East,2017,35110,33005,94,26990,76.9,20310,57.8,15885,45.2,:,:
E12000007,London,2017,85340,80035,93.8,62025,72.7,47755,56,39100,45.8,:,:
E12000008,South East,2017,49175,46410,94.4,37800,76.9,30195,61.4,25160,51.2,:,:
E12000009,South West,2017,24230,22135,91.4,18125,74.8,14630,60.4,12420,51.3,:,:
E92000001,England,2017,318240,298350,93.8,231110,72.6,177830,55.9,145505,45.7,:,:
W92000004,Wales,2017,12240,11480,93.8,9200,75.2,6835,55.8,5285,43.2,:,:
S92000003,Scotland,2017,19845,18630,93.9,14860,74.9,11600,58.5,9620,48.5,:,:
N92000002,Northern Ireland,2017,6570,5990,91.2,4925,75,4095,62.3,3585,54.6,:,:
K04000001,England And Wales,2017,330480,309830,93.8,240310,72.7,184665,55.9,150790,45.6,:,:
K03000001,Great Britain,2017,350325,328460,93.8,255170,72.8,196265,56,160410,45.8,:,:
K02000001,United Kingdom,2017,356895,334450,93.7,260095,72.9,200360,56.1,163995,46,:,:
E09000001,City of London,2018,4085,3925,96.1,2435,59.6,1745,42.7,:,:,:,:
E09000002,Barking and Dagenham,2018,1500,1415,94.3,1100,73.3,895,59.7,:,:,:,:
E09000003,Barnet,2018,3570,3400,95.2,2655,74.4,2085,58.4,:,:,:,:
E09000004,Bexley,2018,1255,1205,96,960,76.5,740,59,:,:,:,:
E09000005,Brent,2018,2755,2575,93.5,1990,72.2,1545,56.1,:,:,:,:
E09000006,Bromley,2018,2125,2025,95.3,1645,77.4,1280,60.2,:,:,:,:
E09000007,Camden,2018,5815,5595,96.2,3965,68.2,2880,49.5,:,:,:,:
E09000008,Croydon,2018,2345,2230,95.1,1770,75.5,1405,59.9,:,:,:,:
E09000009,Ealing,2018,2860,2715,94.9,2120,74.1,1670,58.4,:,:,:,:
E09000010,Enfield,2018,2225,2090,93.9,1620,72.8,1285,57.8,:,:,:,:
E09000011,Greenwich,2018,1785,1695,95,1350,75.6,1020,57.1,:,:,:,:
E09000012,Hackney,2018,4205,4020,95.6,3185,75.7,2490,59.2,:,:,:,:
E09000013,Hammersmith and Fulham,2018,1995,1905,95.5,1530,76.7,1170,58.6,:,:,:,:
E09000014,Haringey,2018,2160,2025,93.8,1585,73.4,1240,57.4,:,:,:,:
E09000015,Harrow,2018,2365,2255,95.3,1745,73.8,1335,56.4,:,:,:,:
E09000016,Havering,2018,1485,1410,94.9,1100,74.1,895,60.3,:,:,:,:
E09000017,Hillingdon,2018,2205,2095,95,1670,75.7,1320,59.9,:,:,:,:
E09000018,Hounslow,2018,2010,1910,95,1475,73.4,1160,57.7,:,:,:,:
E09000019,Islington,2018,3910,3715,95,2865,73.3,2110,54,:,:,:,:
E09000020,Kensington and Chelsea,2018,1905,1815,95.3,1430,75.1,1115,58.5,:,:,:,:
E09000021,Kingston upon Thames,2018,1375,1315,95.6,1020,74.2,780,56.7,:,:,:,:
E09000022,Lambeth,2018,2265,2155,95.1,1675,74,1310,57.8,:,:,:,:
E09000023,Lewisham,2018,1790,1695,94.7,1325,74,1020,57,:,:,:,:
E09000024,Merton,2018,1645,1570,95.4,1265,76.9,1025,62.3,:,:,:,:
E09000025,Newham,2018,2810,2645,94.1,2000,71.2,1515,53.9,:,:,:,:
E09000026,Redbridge,2018,2595,2440,94,1905,73.4,1475,56.8,:,:,:,:
E09000027,Richmond upon Thames,2018,1720,1665,96.8,1370,79.7,1100,64,:,:,:,:
E09000028,Southwark,2018,2470,2360,95.5,1930,78.1,1505,60.9,:,:,:,:
E09000029,Sutton,2018,1170,1120,95.7,920,78.6,745,63.7,:,:,:,:
E09000030,Tower Hamlets,2018,3170,2995,94.5,2360,74.4,1790,56.5,:,:,:,:
E09000031,Waltham Forest,2018,2310,2155,93.3,1680,72.7,1250,54.1,:,:,:,:
E09000032,Wandsworth,2018,2840,2710,95.4,2075,73.1,1565,55.1,:,:,:,:
E09000033,Westminster,2018,7120,6815,95.7,5335,74.9,4200,59,:,:,:,:
E13000001,Inner London,2018,46540,44375,95.3,33695,72.4,25655,55.1,:,:,:,:
E13000002,Outer London,2018,39300,37285,94.9,29360,74.7,23010,58.5,:,:,:,:
E12000001,North East,2018,9105,8605,94.5,6775,74.4,5175,56.8,:,:,:,:
E12000002,North West,2018,36995,34600,93.5,26455,71.5,20315,54.9,:,:,:,:
E12000003,Yorkshire And The Humber,2018,22040,20885,94.8,16485,74.8,13070,59.3,:,:,:,:
E12000004,East Midlands,2018,21825,20735,95,16205,74.2,13050,59.8,:,:,:,:
E12000005,West Midlands,2018,29505,27790,94.2,21310,72.2,14925,50.6,:,:,:,:
E12000006,East,2018,33905,32255,95.1,25465,75.1,19650,58,:,:,:,:
E12000007,London,2018,85840,81660,95.1,63055,73.5,48665,56.7,:,:,:,:
E12000008,South East,2018,49540,47225,95.3,38095,76.9,30040,60.6,:,:,:,:
E12000009,South West,2018,22825,21680,95,17545,76.9,14250,62.4,:,:,:,:
E92000001,England,2018,311580,295435,94.8,231390,74.3,179140,57.5,:,:,:,:
W92000004,Wales,2018,11885,11060,93.1,8250,69.4,6525,54.9,:,:,:,:
S92000003,Scotland,2018,19620,18690,95.3,14770,75.3,11570,59,:,:,:,:
N92000002,Northern Ireland,2018,5545,5145,92.8,4055,73.1,3415,61.6,:,:,:,:
K04000001,England And Wales,2018,323465,306495,94.8,239640,74.1,185665,57.4,:,:,:,:
K03000001,Great Britain,2018,343085,325185,94.8,254410,74.2,197235,57.5,:,:,:,:
K02000001,United Kingdom,2018,348630,330330,94.8,258465,74.1,200650,57.6,:,:,:,:
E09000001,City of London,2019,1860,1760,94.6,1355,72.8,:,:,:,:,:,:
E09000002,Barking and Dagenham,2019,1540,1470,95.5,1205,78.2,:,:,:,:,:,:
E09000003,Barnet,2019,2860,2665,93.2,2045,71.5,:,:,:,:,:,:
E09000004,Bexley,2019,2075,1970,94.9,1610,77.6,:,:,:,:,:,:
E09000005,Brent,2019,2340,2200,94,1735,74.1,:,:,:,:,:,:
E09000006,Bromley,2019,2780,2620,94.2,2040,73.4,:,:,:,:,:,:
E09000007,Camden,2019,4425,4170,94.2,3255,73.6,:,:,:,:,:,:
E09000008,Croydon,2019,2460,2305,93.7,1865,75.8,:,:,:,:,:,:
E09000009,Ealing,2019,1890,1785,94.4,1385,73.3,:,:,:,:,:,:
E09000010,Enfield,2019,2395,2240,93.5,1735,72.4,:,:,:,:,:,:
E09000011,Greenwich,2019,1980,1890,95.5,1385,69.9,:,:,:,:,:,:
E09000012,Hackney,2019,2310,2185,94.6,1730,74.9,:,:,:,:,:,:
E09000013,Hammersmith and Fulham,2019,4255,4040,94.9,3125,73.4,:,:,:,:,:,:
E09000014,Haringey,2019,1945,1870,96.1,1500,77.1,:,:,:,:,:,:
E09000015,Harrow,2019,2315,2205,95.2,1755,75.8,:,:,:,:,:,:
E09000016,Havering,2019,2235,2115,94.6,1665,74.5,:,:,:,:,:,:
E09000017,Hillingdon,2019,1250,1190,95.2,950,76,:,:,:,:,:,:
E09000018,Hounslow,2019,1770,1665,94.1,1315,74.3,:,:,:,:,:,:
E09000019,Islington,2019,2345,2230,95.1,1740,74.2,:,:,:,:,:,:
E09000020,Kensington and Chelsea,2019,1855,1740,93.8,1370,73.9,:,:,:,:,:,:
E09000021,Kingston upon Thames,2019,2795,2595,92.8,1965,70.3,:,:,:,:,:,:
E09000022,Lambeth,2019,3220,2985,92.7,2095,65.1,:,:,:,:,:,:
E09000023,Lewisham,2019,2645,2485,94,1920,72.6,:,:,:,:,:,:
E09000024,Merton,2019,1795,1730,96.4,1400,78,:,:,:,:,:,:
E09000025,Newham,2019,3020,2855,94.5,2290,75.8,:,:,:,:,:,:
E09000026,Redbridge,2019,1395,1325,95,910,65.2,:,:,:,:,:,:
E09000027,Richmond upon Thames,2019,2515,2360,93.8,1815,72.2,:,:,:,:,:,:
E09000028,Southwark,2019,2810,2670,95,2085,74.2,:,:,:,:,:,:
E09000029,Sutton,2019,51560,48935,94.9,39175,76,:,:,:,:,:,:
E09000030,Tower Hamlets,2019,6745,6400,94.9,5195,77,:,:,:,:,:,:
E09000031,Waltham Forest,2019,605,570,94.2,470,77.7,:,:,:,:,:,:
E09000032,Wandsworth,2019,42230,39805,94.3,31075,73.6,:,:,:,:,:,:
E09000033,Westminster,2019,1605,1480,92.2,1150,71.7,:,:,:,:,:,:
E13000001,Inner London,2019,3525,3235,91.8,2055,58.3,:,:,:,:,:,:
E13000002,Outer London,2019,4235,3995,94.3,3145,74.3,:,:,:,:,:,:
E12000001,North East,2019,9445,8900,94.2,7095,75.1,:,:,:,:,:,:
E12000002,North West,2019,36805,34665,94.2,27310,74.2,:,:,:,:,:,:
E12000003,Yorkshire And The Humber,2019,23405,22135,94.6,17850,76.3,:,:,:,:,:,:
E12000004,East Midlands,2019,23215,22015,94.8,17320,74.6,:,:,:,:,:,:
E12000005,West Midlands,2019,34440,32830,95.3,24255,70.4,:,:,:,:,:,:
E12000006,East,2019,33995,32375,95.2,26055,76.6,:,:,:,:,:,:
E12000007,London,2019,5360,5075,94.7,4015,74.9,:,:,:,:,:,:
E12000008,South East,2019,2720,2590,95.2,2145,78.9,:,:,:,:,:,:
E12000009,South West,2019,1930,1830,94.8,1490,77.2,:,:,:,:,:,:
E92000001,England,2019,325355,308105,94.7,242475,74.5,:,:,:,:,:,:
W92000004,Wales,2019,585,560,95.7,445,76.1,:,:,:,:,:,:
S92000003,Scotland,2019,325,315,96.9,250,76.9,:,:,:,:,:,:
N92000002,Northern Ireland,2019,495,450,90.9,375,75.8,:,:,:,:,:,:
K04000001,England And Wales,2019,337100,319225,94.7,251230,74.5,:,:,:,:,:,:
K03000001,Great Britain,2019,357780,338815,94.7,266920,74.6,:,:,:,:,:,:
K02000001,United Kingdom,2019,363825,344140,94.6,271295,74.6,:,:,:,:,:,:
E09000001,City of London,2020,1695,1595,94.1,:,:,:,:,:,:,:,:
E09000002,Barking and Dagenham,2020,1190,1120,94.1,:,:,:,:,:,:,:,:
E09000003,Barnet,2020,2690,2455,91.3,:,:,:,:,:,:,:,:
E09000004,Bexley,2020,1840,1745,94.8,:,:,:,:,:,:,:,:
E09000005,Brent,2020,2230,2035,91.3,:,:,:,:,:,:,:,:
E09000006,Bromley,2020,2675,2500,93.5,:,:,:,:,:,:,:,:
E09000007,Camden,2020,4250,3955,93.1,:,:,:,:,:,:,:,:
E09000008,Croydon,2020,2610,2420,92.7,:,:,:,:,:,:,:,:
E09000009,Ealing,2020,1730,1585,91.6,:,:,:,:,:,:,:,:
E09000010,Enfield,2020,2260,2100,92.9,:,:,:,:,:,:,:,:
E09000011,Greenwich,2020,1655,1570,94.9,:,:,:,:,:,:,:,:
E09000012,Hackney,2020,2115,1990,94.1,:,:,:,:,:,:,:,:
E09000013,Hammersmith and Fulham,2020,3525,3275,92.9,:,:,:,:,:,:,:,:
E09000014,Haringey,2020,1785,1655,92.7,:,:,:,:,:,:,:,:
E09000015,Harrow,2020,2330,2165,92.9,:,:,:,:,:,:,:,:
E09000016,Havering,2020,1950,1835,94.1,:,:,:,:,:,:,:,:
E09000017,Hillingdon,2020,1420,1165,82,:,:,:,:,:,:,:,:
E09000018,Hounslow,2020,1590,1490,93.7,:,:,:,:,:,:,:,:
E09000019,Islington,2020,2075,1950,94,:,:,:,:,:,:,:,:
E09000020,Kensington and Chelsea,2020,1615,1510,93.5,:,:,:,:,:,:,:,:
E09000021,Kingston upon Thames,2020,2680,2470,92.2,:,:,:,:,:,:,:,:
E09000022,Lambeth,2020,2880,2645,91.8,:,:,:,:,:,:,:,:
E09000023,Lewisham,2020,2255,2115,93.8,:,:,:,:,:,:,:,:
E09000024,Merton,2020,1520,1430,94.1,:,:,:,:,:,:,:,:
E09000025,Newham,2020,2650,2460,92.8,:,:,:,:,:,:,:,:
E09000026,Redbridge,2020,1050,990,94.3,:,:,:,:,:,:,:,:
E09000027,Richmond upon Thames,2020,2180,1990,91.3,:,:,:,:,:,:,:,:
E09000028,Southwark,2020,2305,2150,93.3,:,:,:,:,:,:,:,:
E09000029,Sutton,2020,47685,43360,90.9,:,:,:,:,:,:,:,:
E09000030,Tower Hamlets,2020,6145,5565,90.6,:,:,:,:,:,:,:,:
E09000031,Waltham Forest,2020,500,475,95,:,:,:,:,:,:,:,:
E09000032,Wandsworth,2020,39240,36200,92.3,:,:,:,:,:,:,:,:
E09000033,Westminster,2020,1610,1510,93.8,:,:,:,:,:,:,:,:
E13000001,Inner London,2020,2005,1805,90,:,:,:,:,:,:,:,:
E13000002,Outer London,2020,4030,3625,90,:,:,:,:,:,:,:,:
E12000001,North East,2020,9085,8525,93.8,:,:,:,:,:,:,:,:
E12000002,North West,2020,35505,33030,93,:,:,:,:,:,:,:,:
E12000003,Yorkshire And The Humber,2020,22655,21185,93.5,:,:,:,:,:,:,:,:
E12000004,East Midlands,2020,22890,21670,94.7,:,:,:,:,:,:,:,:
E12000005,West Midlands,2020,28145,26410,93.8,:,:,:,:,:,:,:,:
E12000006,East,2020,30140,28245,93.7,:,:,:,:,:,:,:,:
E12000007,London,2020,5100,4685,91.9,:,:,:,:,:,:,:,:
E12000008,South East,2020,2885,1975,68.5,:,:,:,:,:,:,:,:
E12000009,South West,2020,5,5,100,:,:,:,:,:,:,:,:
E92000001,England,2020,299115,277810,92.9,:,:,:,:,:,:,:,:
W92000004,Wales,2020,470,440,93.6,:,:,:,:,:,:,:,:
S92000003,Scotland,2020,950,885,93.2,:,:,:,:,:,:,:,:
N92000002,Northern Ireland,2020,:,:,:,:,:,:,:,:,:,:,:
K04000001,England And Wales,2020,310500,288345,92.9,:,:,:,:,:,:,:,:
K03000001,Great Britain,2020,327350,304215,92.9,:,:,:,:,:,:,:,:
K02000001,United Kingdom,2020,333020,309470,92.9,:,:,:,:,:,:,:,:
