Year,Code,Area,"SIC07: 01-03 : Agriculture, forestry & fishing",SIC07: 05-39 : Production,SIC07: 41-43 : Construction,SIC07: 45 : Motor trades,SIC07: 46 : Wholesale,SIC07: 47 : Retail,SIC07: 49-53 : Transport & Storage (inc. postal),SIC07: 55-56 : Accommodation & food services,SIC07: 58-63 : Information & communication,SIC07: 64-66 : Finance & insurance,SIC07: 68 : Property,"SIC07: 69-75 : Professional, scientific & technical",SIC07: 77-82 : Business administration & support services,SIC07: 84 : Public administration & defence,SIC07: 85 : Education,SIC07: 86-88 : Health,"SIC07: 90-99 : Arts, entertainment, recreation & other services",SIC07: Total
2017,E09000001,City of London,20.0,715.0,690.0,25.0,590.0,835.0,280.0,1200.0,2005.0,3495.0,980.0,8145.0,7320.0,55.0,200.0,275.0,1030.0,27860.0
2017,E09000002,Barking and Dagenham,5.0,355.0,1375.0,235.0,405.0,630.0,545.0,400.0,590.0,90.0,145.0,890.0,780.0,170.0,200.0,790.0,370.0,7975.0
2017,E09000003,Barnet,25.0,625.0,3015.0,365.0,1220.0,2020.0,555.0,975.0,2570.0,495.0,2005.0,5015.0,2275.0,55.0,555.0,1335.0,1585.0,24690.0
2017,E09000004,Bexley,10.0,455.0,1860.0,255.0,330.0,800.0,380.0,550.0,1055.0,180.0,215.0,1550.0,835.0,25.0,240.0,715.0,545.0,10000.0
2017,E09000005,Brent,5.0,580.0,2110.0,405.0,975.0,1565.0,670.0,825.0,1825.0,270.0,720.0,2640.0,1400.0,60.0,355.0,900.0,1005.0,16310.0
2017,E09000006,Bromley,65.0,505.0,2305.0,285.0,545.0,1415.0,310.0,810.0,2045.0,375.0,515.0,3495.0,1545.0,25.0,420.0,965.0,1200.0,16825.0
2017,E09000007,Camden,25.0,860.0,1425.0,145.0,1195.0,2275.0,435.0,2020.0,4230.0,820.0,1470.0,10075.0,3295.0,115.0,680.0,1290.0,2730.0,33085.0
2017,E09000008,Croydon,20.0,510.0,2175.0,390.0,570.0,1525.0,470.0,990.0,1990.0,350.0,500.0,3040.0,1455.0,50.0,450.0,1310.0,980.0,16775.0
2017,E09000009,Ealing,10.0,740.0,2340.0,395.0,1140.0,1945.0,855.0,955.0,2450.0,280.0,685.0,3385.0,1700.0,25.0,435.0,960.0,1260.0,19560.0
2017,E09000010,Enfield,30.0,535.0,2005.0,375.0,760.0,1330.0,595.0,695.0,1265.0,245.0,610.0,2335.0,1330.0,25.0,345.0,1000.0,915.0,14395.0
2017,E09000011,Greenwich,5.0,355.0,1300.0,170.0,290.0,975.0,360.0,680.0,1455.0,160.0,285.0,2200.0,1130.0,35.0,340.0,955.0,740.0,11435.0
2017,E09000012,Hackney,15.0,705.0,1125.0,120.0,595.0,1450.0,295.0,1050.0,3575.0,280.0,1195.0,5100.0,1670.0,40.0,425.0,945.0,1630.0,20215.0
2017,E09000013,Hammersmith and Fulham,15.0,410.0,830.0,130.0,540.0,1445.0,240.0,875.0,1920.0,310.0,565.0,3515.0,1505.0,90.0,320.0,750.0,1190.0,14650.0
2017,E09000014,Haringey,15.0,480.0,1265.0,175.0,585.0,1245.0,340.0,710.0,1670.0,150.0,590.0,2520.0,1175.0,35.0,315.0,740.0,1295.0,13305.0
2017,E09000015,Harrow,10.0,335.0,1970.0,265.0,735.0,1205.0,500.0,565.0,2165.0,330.0,825.0,3135.0,1220.0,10.0,295.0,790.0,755.0,15110.0
2017,E09000016,Havering,35.0,475.0,2220.0,330.0,430.0,1045.0,570.0,595.0,810.0,235.0,285.0,1460.0,955.0,25.0,275.0,740.0,610.0,11095.0
2017,E09000017,Hillingdon,35.0,580.0,1970.0,390.0,710.0,1385.0,1140.0,860.0,1800.0,270.0,470.0,2300.0,1520.0,50.0,310.0,820.0,815.0,15425.0
2017,E09000018,Hounslow,20.0,435.0,1335.0,325.0,730.0,1200.0,895.0,775.0,2635.0,240.0,450.0,2585.0,1375.0,35.0,295.0,750.0,965.0,15045.0
2017,E09000019,Islington,15.0,565.0,950.0,80.0,640.0,1420.0,250.0,1240.0,3455.0,575.0,725.0,5715.0,1930.0,50.0,395.0,925.0,1720.0,20650.0
2017,E09000020,Kensington and Chelsea,40.0,345.0,775.0,80.0,540.0,1955.0,190.0,1080.0,1280.0,525.0,1155.0,3530.0,1630.0,30.0,300.0,710.0,1380.0,15545.0
2017,E09000021,Kingston upon Thames,15.0,285.0,860.0,170.0,365.0,880.0,180.0,515.0,1360.0,175.0,330.0,2250.0,890.0,75.0,190.0,540.0,635.0,9715.0
2017,E09000022,Lambeth,10.0,360.0,985.0,145.0,390.0,1165.0,275.0,1120.0,2335.0,250.0,540.0,3880.0,2060.0,75.0,415.0,1100.0,1370.0,16475.0
2017,E09000023,Lewisham,5.0,320.0,980.0,165.0,265.0,990.0,275.0,720.0,1560.0,170.0,270.0,2275.0,975.0,40.0,320.0,905.0,950.0,11185.0
2017,E09000024,Merton,15.0,355.0,1405.0,235.0,470.0,935.0,360.0,510.0,1585.0,215.0,425.0,2915.0,1305.0,25.0,290.0,740.0,795.0,12580.0
2017,E09000025,Newham,5.0,380.0,1615.0,205.0,530.0,1590.0,555.0,685.0,1410.0,200.0,425.0,2165.0,2005.0,65.0,375.0,850.0,625.0,13685.0
2017,E09000026,Redbridge,15.0,375.0,1960.0,260.0,565.0,1285.0,485.0,635.0,2125.0,240.0,580.0,2830.0,1205.0,40.0,390.0,1080.0,790.0,14860.0
2017,E09000027,Richmond upon Thames,20.0,330.0,825.0,125.0,390.0,1065.0,190.0,700.0,2235.0,250.0,535.0,4105.0,1300.0,25.0,360.0,705.0,1345.0,14505.0
2017,E09000028,Southwark,20.0,560.0,955.0,125.0,525.0,1520.0,365.0,1190.0,2600.0,465.0,580.0,4570.0,1785.0,75.0,700.0,1070.0,1530.0,18635.0
2017,E09000029,Sutton,35.0,315.0,1610.0,200.0,325.0,740.0,250.0,485.0,1145.0,175.0,225.0,1575.0,835.0,20.0,185.0,605.0,560.0,9285.0
2017,E09000030,Tower Hamlets,15.0,605.0,830.0,160.0,860.0,1485.0,485.0,1205.0,3140.0,670.0,820.0,4435.0,1845.0,60.0,475.0,875.0,1170.0,19135.0
2017,E09000031,Waltham Forest,15.0,445.0,1865.0,215.0,565.0,1165.0,445.0,610.0,1180.0,160.0,315.0,2045.0,1050.0,25.0,280.0,735.0,770.0,11885.0
2017,E09000032,Wandsworth,25.0,510.0,1225.0,150.0,680.0,1495.0,285.0,1000.0,2520.0,340.0,755.0,5325.0,1950.0,50.0,415.0,1135.0,1560.0,19420.0
2017,E09000033,Westminster,105.0,1405.0,3015.0,125.0,1760.0,4260.0,595.0,3775.0,5415.0,4135.0,5255.0,12420.0,5685.0,305.0,660.0,1875.0,4610.0,55400.0
2017,E13000001,Inner London,330.0,8220.0,16665.0,1830.0,9695.0,23130.0,4865.0,17870.0,37115.0,12385.0,15325.0,73670.0,34830.0,1085.0,5995.0,13445.0,22790.0,299245.0
2017,E13000002,Outer London,390.0,8590.0,34505.0,5390.0,11520.0,23110.0,9755.0,13130.0,32285.0,4735.0,10120.0,49750.0,24105.0,800.0,6210.0,16435.0,16640.0,267470.0
2017,E12000001,North East,4105.0,5565.0,9080.0,2765.0,3005.0,9935.0,3135.0,7160.0,3495.0,1730.0,2595.0,12760.0,7010.0,945.0,2505.0,6425.0,6330.0,88545.0
2017,E12000002,North West,11995.0,17590.0,30315.0,9115.0,13200.0,34670.0,14815.0,19915.0,16185.0,8775.0,10415.0,45750.0,26790.0,2240.0,7730.0,19835.0,19725.0,309060.0
2017,E12000003,Yorkshire and The Humber,11950.0,14800.0,23480.0,7440.0,9560.0,23505.0,11790.0,15410.0,10245.0,4760.0,7255.0,28255.0,17465.0,2060.0,5720.0,14140.0,13725.0,221560.0
2017,E12000004,East Midlands,11525.0,14585.0,22355.0,7360.0,9160.0,19440.0,12360.0,12130.0,10290.0,5330.0,6705.0,28150.0,15710.0,2145.0,5540.0,12480.0,12140.0,207405.0
2017,E12000005,West Midlands,12840.0,17335.0,24855.0,8480.0,11640.0,24640.0,15440.0,14405.0,13330.0,4840.0,8090.0,34075.0,22435.0,1860.0,6570.0,15235.0,14665.0,250735.0
2017,E12000006,East,12535.0,16770.0,39760.0,9465.0,12735.0,25540.0,15680.0,16405.0,22575.0,6195.0,10020.0,48720.0,30115.0,2510.0,7275.0,16060.0,18325.0,310685.0
2017,E12000007,London,720.0,16810.0,51170.0,7220.0,21215.0,46240.0,14620.0,31000.0,69400.0,17120.0,25445.0,123420.0,58935.0,1885.0,12205.0,29880.0,39430.0,566715.0
2017,E12000008,South East,12265.0,22240.0,54040.0,12550.0,17980.0,39790.0,15000.0,25440.0,45370.0,10155.0,15320.0,85130.0,41215.0,2875.0,11235.0,24845.0,30105.0,465555.0
2017,E12000009,South West,24915.0,15085.0,31040.0,8505.0,9685.0,25660.0,8870.0,18805.0,16765.0,5780.0,9230.0,38230.0,21115.0,2485.0,8030.0,15280.0,16600.0,276080.0
2017,E92000001,England,102850.0,140780.0,286095.0,72900.0,108180.0,249420.0,111710.0,160670.0,207655.0,64685.0,95075.0,444490.0,240790.0,19005.0,66810.0,154180.0,171045.0,2696340.0
2017,W92000004,Wales,13890.0,7260.0,13075.0,4125.0,4190.0,13375.0,4505.0,10090.0,4860.0,2575.0,3295.0,13200.0,9375.0,1590.0,3450.0,8420.0,8400.0,125675.0
2017,S92000003,Scotland,17590.0,12225.0,20910.0,5475.0,7415.0,22465.0,7565.0,16980.0,11140.0,4815.0,6445.0,34640.0,16660.0,2795.0,5545.0,12850.0,16245.0,221760.0
2017,N92000002,Northern Ireland,17875.0,5330.0,9795.0,2755.0,3575.0,9020.0,2780.0,4590.0,1990.0,1685.0,2230.0,6020.0,3210.0,770.0,3315.0,5020.0,5650.0,85610.0
2017,K04000001,England and Wales,116740.0,148040.0,299170.0,77025.0,112370.0,262795.0,116215.0,170760.0,212515.0,67260.0,98370.0,457690.0,250165.0,20595.0,70260.0,162600.0,179445.0,2822015.0
2017,K03000001,Great Britain,134330.0,160265.0,320080.0,82500.0,119785.0,285260.0,123780.0,187740.0,223655.0,72075.0,104815.0,492330.0,266825.0,23390.0,75805.0,175450.0,195690.0,3043775.0
2017,K02000001,United Kingdom,152205.0,165595.0,329875.0,85255.0,123360.0,294280.0,126560.0,192330.0,225645.0,73760.0,107045.0,498350.0,270035.0,24160.0,79120.0,180470.0,201340.0,3129385.0
2017,Total,Total,659770.0,813895.0,1667435.0,417375.0,629485.0,1478515.0,634065.0,965830.0,1233915.0,385780.0,563240.0,2638050.0,1415720.0,115080.0,395525.0,912930.0,1027720.0,15954330.0
2018,E09000001,City of London,20.0,730.0,725.0,25.0,605.0,995.0,285.0,1280.0,2185.0,3700.0,1055.0,8005.0,6105.0,55.0,215.0,330.0,1050.0,27365.0
2018,E09000002,Barking and Dagenham,10.0,330.0,1460.0,225.0,410.0,645.0,530.0,410.0,610.0,90.0,145.0,810.0,780.0,170.0,200.0,605.0,360.0,7790.0
2018,E09000003,Barnet,30.0,625.0,3200.0,350.0,1155.0,2165.0,600.0,1000.0,2570.0,530.0,2055.0,4910.0,2205.0,55.0,535.0,1250.0,1585.0,24820.0
2018,E09000004,Bexley,10.0,445.0,1905.0,260.0,335.0,805.0,380.0,570.0,1065.0,180.0,225.0,1510.0,840.0,25.0,225.0,555.0,560.0,9895.0
2018,E09000005,Brent,5.0,585.0,2255.0,410.0,955.0,1600.0,670.0,915.0,1870.0,270.0,755.0,2630.0,1355.0,60.0,320.0,790.0,1015.0,16460.0
2018,E09000006,Bromley,60.0,495.0,2355.0,290.0,525.0,1665.0,310.0,855.0,2080.0,390.0,510.0,3465.0,1570.0,25.0,380.0,900.0,1195.0,17070.0
2018,E09000007,Camden,30.0,1005.0,1515.0,150.0,1240.0,2450.0,465.0,2140.0,4610.0,855.0,1525.0,10385.0,3530.0,115.0,680.0,1205.0,2845.0,34745.0
2018,E09000008,Croydon,15.0,495.0,2285.0,390.0,540.0,1540.0,500.0,1020.0,2030.0,335.0,525.0,2930.0,1445.0,50.0,420.0,1095.0,1000.0,16615.0
2018,E09000009,Ealing,15.0,740.0,2445.0,415.0,1165.0,1915.0,830.0,990.0,2420.0,275.0,720.0,3340.0,1680.0,25.0,395.0,865.0,1250.0,19485.0
2018,E09000010,Enfield,30.0,535.0,2065.0,365.0,785.0,1315.0,600.0,715.0,1275.0,250.0,625.0,2325.0,1310.0,25.0,310.0,860.0,900.0,14290.0
2018,E09000011,Greenwich,10.0,355.0,1395.0,165.0,295.0,975.0,350.0,695.0,1465.0,145.0,290.0,2155.0,1105.0,35.0,305.0,760.0,765.0,11265.0
2018,E09000012,Hackney,15.0,720.0,1215.0,130.0,625.0,1535.0,290.0,1100.0,3800.0,305.0,1275.0,5345.0,1925.0,50.0,415.0,765.0,1640.0,21150.0
2018,E09000013,Hammersmith and Fulham,20.0,420.0,820.0,135.0,535.0,1485.0,235.0,915.0,1860.0,320.0,600.0,3415.0,1490.0,90.0,290.0,615.0,1210.0,14455.0
2018,E09000014,Haringey,15.0,510.0,1345.0,180.0,575.0,1275.0,340.0,730.0,1620.0,150.0,645.0,2520.0,1100.0,30.0,275.0,625.0,1260.0,13195.0
2018,E09000015,Harrow,10.0,375.0,2100.0,300.0,715.0,1220.0,510.0,595.0,2220.0,330.0,860.0,3285.0,1235.0,10.0,270.0,730.0,730.0,15495.0
2018,E09000016,Havering,35.0,475.0,2330.0,335.0,435.0,1000.0,565.0,590.0,815.0,235.0,295.0,1425.0,950.0,25.0,245.0,615.0,620.0,10990.0
2018,E09000017,Hillingdon,35.0,565.0,2060.0,395.0,720.0,1390.0,1115.0,885.0,1800.0,280.0,515.0,2220.0,1480.0,50.0,295.0,710.0,800.0,15315.0
2018,E09000018,Hounslow,25.0,420.0,1390.0,315.0,715.0,1210.0,855.0,840.0,2580.0,235.0,470.0,2515.0,1330.0,30.0,275.0,625.0,945.0,14775.0
2018,E09000019,Islington,20.0,615.0,1055.0,90.0,690.0,1500.0,270.0,1300.0,3570.0,580.0,775.0,5640.0,1980.0,45.0,355.0,820.0,1705.0,21010.0
2018,E09000020,Kensington and Chelsea,40.0,380.0,775.0,75.0,550.0,1895.0,190.0,1100.0,1305.0,545.0,1135.0,3585.0,1625.0,25.0,300.0,685.0,1380.0,15590.0
2018,E09000021,Kingston upon Thames,10.0,270.0,915.0,175.0,390.0,1010.0,180.0,525.0,1350.0,170.0,350.0,2215.0,905.0,75.0,175.0,490.0,655.0,9860.0
2018,E09000022,Lambeth,10.0,375.0,1020.0,125.0,390.0,1165.0,285.0,1155.0,2310.0,245.0,595.0,3685.0,1655.0,70.0,345.0,835.0,1395.0,15660.0
2018,E09000023,Lewisham,10.0,330.0,1015.0,165.0,270.0,985.0,275.0,755.0,1530.0,155.0,285.0,2255.0,950.0,40.0,280.0,720.0,950.0,10970.0
2018,E09000024,Merton,15.0,370.0,1460.0,230.0,475.0,965.0,410.0,565.0,1615.0,210.0,440.0,2770.0,1285.0,30.0,255.0,615.0,785.0,12495.0
2018,E09000025,Newham,5.0,400.0,1830.0,210.0,530.0,1615.0,600.0,720.0,1450.0,200.0,445.0,1770.0,2515.0,60.0,335.0,660.0,660.0,14005.0
2018,E09000026,Redbridge,15.0,385.0,2090.0,280.0,565.0,1310.0,530.0,650.0,2130.0,235.0,615.0,2670.0,1210.0,40.0,340.0,925.0,775.0,14765.0
2018,E09000027,Richmond upon Thames,20.0,345.0,875.0,125.0,375.0,1070.0,195.0,690.0,2285.0,250.0,540.0,4090.0,1300.0,20.0,350.0,670.0,1285.0,14485.0
2018,E09000028,Southwark,15.0,615.0,975.0,125.0,520.0,1400.0,340.0,1265.0,2650.0,500.0,605.0,4555.0,1830.0,70.0,390.0,890.0,1575.0,18320.0
2018,E09000029,Sutton,40.0,315.0,1655.0,195.0,325.0,740.0,250.0,485.0,1160.0,165.0,235.0,1575.0,805.0,20.0,200.0,535.0,585.0,9285.0
2018,E09000030,Tower Hamlets,15.0,655.0,850.0,145.0,835.0,1595.0,470.0,1240.0,3250.0,635.0,835.0,4365.0,1860.0,55.0,435.0,745.0,1225.0,19210.0
2018,E09000031,Waltham Forest,15.0,420.0,2010.0,205.0,545.0,1150.0,430.0,630.0,1165.0,160.0,340.0,2030.0,1000.0,20.0,255.0,605.0,795.0,11775.0
2018,E09000032,Wandsworth,20.0,495.0,1235.0,140.0,670.0,1495.0,285.0,1020.0,2445.0,340.0,775.0,5300.0,1925.0,45.0,385.0,945.0,1495.0,19015.0
2018,E09000033,Westminster,115.0,1490.0,3060.0,145.0,1780.0,4455.0,615.0,3890.0,5510.0,4405.0,5415.0,12560.0,5785.0,285.0,705.0,1820.0,4545.0,56580.0
2018,E13000001,Inner London,350.0,8740.0,17435.0,1840.0,9815.0,23845.0,4945.0,18610.0,38095.0,12935.0,15965.0,73385.0,34275.0,1035.0,5405.0,11660.0,22935.0,301270.0
2018,E13000002,Outer London,405.0,8545.0,36250.0,5425.0,11425.0,23690.0,9810.0,13625.0,32505.0,4735.0,10510.0,48870.0,23790.0,790.0,5750.0,14200.0,16605.0,266930.0
2018,E12000001,North East,4125.0,5615.0,9295.0,2805.0,2980.0,9915.0,3045.0,7620.0,3555.0,1755.0,2590.0,12120.0,6950.0,925.0,2425.0,6105.0,6425.0,88250.0
2018,E12000002,North West,11990.0,17940.0,32005.0,9205.0,13250.0,36600.0,17485.0,20710.0,16420.0,9110.0,10675.0,45665.0,27830.0,2200.0,7665.0,18635.0,19815.0,317200.0
2018,E12000003,Yorkshire and The Humber,12100.0,14885.0,23845.0,7555.0,9495.0,23325.0,11815.0,15985.0,10370.0,4870.0,7385.0,27495.0,16145.0,2100.0,5475.0,13235.0,13810.0,219890.0
2018,E12000004,East Midlands,11530.0,14445.0,23545.0,7420.0,9060.0,19765.0,12375.0,12530.0,10300.0,5645.0,6800.0,26960.0,16555.0,2030.0,5365.0,11740.0,12780.0,208845.0
2018,E12000005,West Midlands,12955.0,17205.0,25435.0,8605.0,11385.0,24725.0,14415.0,14995.0,13170.0,4965.0,8245.0,33555.0,22670.0,1875.0,6110.0,14300.0,15300.0,249910.0
2018,E12000006,East,12530.0,16800.0,41365.0,9570.0,12565.0,25955.0,14105.0,16830.0,22810.0,6350.0,10100.0,46335.0,25575.0,2520.0,7150.0,14900.0,18445.0,303905.0
2018,E12000007,London,755.0,17285.0,53685.0,7265.0,21240.0,47535.0,14755.0,32235.0,70600.0,17670.0,26475.0,122255.0,58065.0,1825.0,11155.0,25860.0,39540.0,568200.0
2018,E12000008,South East,12315.0,22335.0,55715.0,12675.0,17805.0,40625.0,14860.0,26250.0,45970.0,10425.0,15670.0,83970.0,40970.0,2860.0,11180.0,23475.0,30060.0,467160.0
2018,E12000009,South West,25045.0,15305.0,31890.0,8590.0,9460.0,25560.0,8605.0,19265.0,16770.0,6030.0,9445.0,37405.0,20275.0,2375.0,6330.0,14740.0,16750.0,273840.0
2018,E92000001,England,103345.0,141815.0,296780.0,73690.0,107240.0,254005.0,111460.0,166420.0,209965.0,66820.0,97385.0,435760.0,235035.0,18710.0,62855.0,142990.0,172925.0,2697200.0
2018,W92000004,Wales,13965.0,7385.0,13465.0,4170.0,4150.0,13910.0,4580.0,10260.0,4820.0,2625.0,3310.0,12910.0,9380.0,1645.0,3250.0,8290.0,8355.0,126470.0
2018,S92000003,Scotland,17770.0,12530.0,21345.0,5540.0,7355.0,22395.0,7475.0,17310.0,11170.0,4770.0,6545.0,33695.0,16325.0,3060.0,5210.0,12550.0,16325.0,221370.0
2018,N92000002,Northern Ireland,18320.0,5570.0,10325.0,2820.0,3625.0,9100.0,2850.0,4750.0,2130.0,1700.0,2420.0,6280.0,3765.0,765.0,3320.0,4675.0,5805.0,88220.0
2018,K04000001,England and Wales,117310.0,149200.0,310245.0,77860.0,111390.0,267915.0,116040.0,176680.0,214785.0,69445.0,100695.0,448670.0,244415.0,20355.0,66105.0,151280.0,181280.0,2823670.0
2018,K03000001,Great Britain,135080.0,161730.0,331590.0,83400.0,118745.0,290310.0,123515.0,193990.0,225955.0,74215.0,107240.0,482365.0,260740.0,23415.0,71315.0,163830.0,197605.0,3045040.0
2018,K02000001,United Kingdom,153400.0,167300.0,341915.0,86220.0,122370.0,299410.0,126365.0,198740.0,228085.0,75915.0,109660.0,488645.0,264505.0,24180.0,74635.0,168505.0,203410.0,3133260.0
2018,Total,Total,664045.0,821915.0,1729815.0,421920.0,624595.0,1506120.0,633255.0,999040.0,1248075.0,397650.0,577590.0,2588595.0,1385330.0,114490.0,371855.0,846830.0,1037710.0,15968830.0
2019,E09000001,City of London,25.0,835.0,785.0,30.0,640.0,1425.0,290.0,1280.0,2415.0,3700.0,1095.0,8040.0,5225.0,55.0,215.0,335.0,1070.0,27460.0
2019,E09000002,Barking and Dagenham,10.0,335.0,1645.0,225.0,405.0,710.0,620.0,430.0,665.0,90.0,140.0,790.0,790.0,170.0,195.0,495.0,380.0,8095.0
2019,E09000003,Barnet,35.0,610.0,3385.0,360.0,1205.0,2400.0,635.0,1000.0,2690.0,535.0,2145.0,4955.0,2270.0,55.0,540.0,1230.0,1610.0,25660.0
2019,E09000004,Bexley,10.0,450.0,1980.0,270.0,330.0,815.0,405.0,580.0,1090.0,185.0,225.0,1490.0,855.0,25.0,230.0,490.0,555.0,9985.0
2019,E09000005,Brent,5.0,575.0,2400.0,405.0,955.0,1895.0,690.0,935.0,1900.0,270.0,775.0,2650.0,1375.0,65.0,315.0,745.0,1035.0,16990.0
2019,E09000006,Bromley,65.0,475.0,2465.0,265.0,505.0,1570.0,330.0,855.0,2150.0,385.0,520.0,3505.0,1620.0,25.0,385.0,840.0,1205.0,17165.0
2019,E09000007,Camden,35.0,1195.0,1590.0,165.0,1285.0,2885.0,510.0,2170.0,4990.0,855.0,1585.0,10310.0,3520.0,115.0,725.0,1180.0,2925.0,36040.0
2019,E09000008,Croydon,20.0,530.0,2335.0,395.0,575.0,1615.0,510.0,1015.0,2095.0,340.0,550.0,2920.0,1485.0,55.0,415.0,990.0,1015.0,16860.0
2019,E09000009,Ealing,20.0,735.0,2500.0,430.0,1185.0,1895.0,845.0,1010.0,2450.0,285.0,750.0,3330.0,1680.0,30.0,385.0,815.0,1215.0,19560.0
2019,E09000010,Enfield,30.0,550.0,2330.0,375.0,785.0,1305.0,635.0,745.0,1340.0,240.0,675.0,2305.0,1320.0,25.0,325.0,770.0,935.0,14690.0
2019,E09000011,Greenwich,10.0,360.0,1470.0,180.0,295.0,1015.0,380.0,715.0,1585.0,155.0,295.0,2200.0,1160.0,40.0,300.0,660.0,790.0,11610.0
2019,E09000012,Hackney,15.0,725.0,1300.0,125.0,675.0,1635.0,305.0,1125.0,4175.0,350.0,1400.0,5685.0,2135.0,50.0,460.0,720.0,1680.0,22560.0
2019,E09000013,Hammersmith and Fulham,15.0,400.0,870.0,130.0,570.0,1480.0,240.0,925.0,1870.0,340.0,650.0,3400.0,1545.0,90.0,290.0,550.0,1215.0,14580.0
2019,E09000014,Haringey,15.0,525.0,1470.0,185.0,565.0,1310.0,375.0,760.0,1625.0,145.0,685.0,2610.0,1080.0,30.0,275.0,565.0,1260.0,13480.0
2019,E09000015,Harrow,15.0,375.0,2300.0,315.0,715.0,1270.0,535.0,620.0,2335.0,320.0,915.0,3290.0,1205.0,15.0,275.0,720.0,875.0,16095.0
2019,E09000016,Havering,30.0,495.0,2510.0,340.0,420.0,1010.0,585.0,625.0,875.0,225.0,310.0,1420.0,985.0,30.0,225.0,545.0,635.0,11265.0
2019,E09000017,Hillingdon,30.0,565.0,2225.0,430.0,735.0,1610.0,1135.0,900.0,1840.0,285.0,530.0,2280.0,1465.0,55.0,280.0,640.0,805.0,15810.0
2019,E09000018,Hounslow,25.0,430.0,1465.0,335.0,725.0,1225.0,915.0,845.0,2605.0,245.0,485.0,2520.0,1410.0,35.0,280.0,585.0,950.0,15080.0
2019,E09000019,Islington,20.0,665.0,1165.0,100.0,730.0,1625.0,340.0,1350.0,3885.0,620.0,830.0,5855.0,2230.0,45.0,385.0,805.0,1755.0,22405.0
2019,E09000020,Kensington and Chelsea,40.0,390.0,790.0,80.0,575.0,1880.0,190.0,1110.0,1365.0,555.0,1155.0,3675.0,1735.0,35.0,305.0,680.0,1365.0,15925.0
2019,E09000021,Kingston upon Thames,15.0,265.0,975.0,175.0,395.0,1165.0,200.0,530.0,1410.0,170.0,355.0,2210.0,905.0,75.0,180.0,480.0,620.0,10125.0
2019,E09000022,Lambeth,10.0,375.0,1070.0,130.0,380.0,1210.0,305.0,1190.0,2325.0,230.0,605.0,3720.0,1625.0,75.0,345.0,780.0,1410.0,15785.0
2019,E09000023,Lewisham,10.0,325.0,1070.0,155.0,280.0,995.0,295.0,790.0,1640.0,160.0,290.0,2345.0,995.0,35.0,270.0,645.0,1045.0,11345.0
2019,E09000024,Merton,15.0,375.0,1525.0,225.0,495.0,970.0,425.0,585.0,1625.0,205.0,430.0,2730.0,1280.0,30.0,265.0,560.0,785.0,12525.0
2019,E09000025,Newham,5.0,420.0,2010.0,205.0,540.0,1760.0,695.0,850.0,1560.0,200.0,465.0,1885.0,2010.0,60.0,345.0,620.0,735.0,14365.0
2019,E09000026,Redbridge,15.0,395.0,2345.0,295.0,585.0,1355.0,565.0,645.0,2190.0,240.0,675.0,2670.0,1255.0,45.0,335.0,830.0,780.0,15220.0
2019,E09000027,Richmond upon Thames,20.0,335.0,925.0,115.0,370.0,1095.0,195.0,710.0,2305.0,265.0,575.0,4120.0,1365.0,20.0,355.0,630.0,1290.0,14690.0
2019,E09000028,Southwark,20.0,630.0,1010.0,125.0,530.0,1495.0,345.0,1315.0,2750.0,495.0,640.0,4690.0,1955.0,75.0,380.0,820.0,1620.0,18895.0
2019,E09000029,Sutton,35.0,305.0,1785.0,185.0,340.0,790.0,265.0,485.0,1275.0,165.0,245.0,1600.0,800.0,20.0,195.0,500.0,600.0,9590.0
2019,E09000030,Tower Hamlets,15.0,605.0,895.0,140.0,850.0,1525.0,460.0,1295.0,3455.0,645.0,885.0,4530.0,1930.0,60.0,470.0,725.0,1265.0,19750.0
2019,E09000031,Waltham Forest,15.0,450.0,2175.0,205.0,565.0,1435.0,445.0,650.0,1295.0,160.0,355.0,2085.0,1065.0,20.0,240.0,535.0,815.0,12510.0
2019,E09000032,Wandsworth,20.0,480.0,1240.0,140.0,695.0,1495.0,280.0,1090.0,2480.0,365.0,785.0,5325.0,1980.0,45.0,405.0,865.0,1470.0,19160.0
2019,E09000033,Westminster,115.0,1515.0,3290.0,160.0,1835.0,4980.0,650.0,3940.0,5595.0,4540.0,5565.0,13005.0,6270.0,320.0,685.0,1780.0,4665.0,58910.0
2019,E13000001,Inner London,360.0,9085.0,18555.0,1870.0,10150.0,25700.0,5280.0,19190.0,40130.0,13200.0,16635.0,75075.0,34235.0,1090.0,5555.0,11070.0,23480.0,310660.0
2019,E13000002,Outer London,420.0,8610.0,38740.0,5525.0,11585.0,25145.0,10315.0,13880.0,33720.0,4765.0,10950.0,49070.0,24290.0,835.0,5720.0,13060.0,16895.0,273525.0
2019,E12000001,North East,4130.0,5665.0,9470.0,2845.0,2945.0,9800.0,3045.0,7885.0,3635.0,1775.0,2720.0,12110.0,7285.0,915.0,2420.0,5895.0,6480.0,89020.0
2019,E12000002,North West,11960.0,18070.0,32170.0,9390.0,13280.0,36570.0,15135.0,21465.0,16665.0,9250.0,11050.0,45715.0,27295.0,2140.0,7655.0,17795.0,19920.0,315525.0
2019,E12000003,Yorkshire and The Humber,12095.0,15000.0,24270.0,7720.0,9460.0,23670.0,11740.0,16475.0,10575.0,4890.0,7635.0,27995.0,16585.0,2085.0,5495.0,12755.0,14130.0,222575.0
2019,E12000004,East Midlands,11530.0,14555.0,23710.0,7665.0,9055.0,19925.0,12460.0,12925.0,10575.0,5895.0,7060.0,26950.0,15825.0,2005.0,5285.0,11025.0,14045.0,210490.0
2019,E12000005,West Midlands,12985.0,17210.0,26245.0,8795.0,11740.0,24695.0,14695.0,15795.0,13355.0,4980.0,8625.0,32995.0,22955.0,1835.0,6070.0,13285.0,14825.0,251085.0
2019,E12000006,East,12480.0,17075.0,43275.0,9900.0,12530.0,27435.0,15380.0,17210.0,23420.0,6520.0,10530.0,46990.0,26580.0,2545.0,7245.0,14205.0,18535.0,311855.0
2019,E12000007,London,780.0,17695.0,57295.0,7395.0,21735.0,50845.0,15595.0,33070.0,73850.0,17965.0,27585.0,124145.0,58525.0,1925.0,11275.0,24130.0,40375.0,584185.0
2019,E12000008,South East,12355.0,22475.0,57905.0,12880.0,17750.0,43155.0,15355.0,26740.0,47190.0,10760.0,16210.0,84870.0,43230.0,2825.0,11190.0,22620.0,30130.0,477640.0
2019,E12000009,South West,25010.0,15385.0,32820.0,8705.0,9405.0,25355.0,8860.0,19750.0,17065.0,6010.0,9805.0,37825.0,20560.0,2420.0,6285.0,14100.0,16810.0,276170.0
2019,E92000001,England,103325.0,143130.0,307160.0,75295.0,107900.0,261450.0,112265.0,171315.0,216330.0,68045.0,101220.0,439595.0,238840.0,18695.0,62920.0,135810.0,175250.0,2738545.0
2019,W92000004,Wales,13995.0,7455.0,14000.0,4220.0,4120.0,13695.0,5595.0,10360.0,4950.0,2630.0,3395.0,13085.0,9850.0,1645.0,3275.0,8115.0,8360.0,128745.0
2019,S92000003,Scotland,17845.0,12685.0,21810.0,5585.0,7300.0,22395.0,7505.0,17650.0,11440.0,4825.0,6745.0,33805.0,16605.0,3040.0,5205.0,12325.0,16360.0,223125.0
2019,N92000002,Northern Ireland,18560.0,5730.0,10650.0,2905.0,3630.0,9115.0,2875.0,4950.0,2210.0,1715.0,2930.0,6460.0,3570.0,805.0,3355.0,4740.0,5990.0,90190.0
2019,K04000001,England and Wales,117320.0,150585.0,321160.0,79515.0,112020.0,275145.0,117860.0,181675.0,221280.0,70675.0,104615.0,452680.0,248690.0,20340.0,66195.0,143925.0,183610.0,2867290.0
2019,K03000001,Great Britain,135165.0,163270.0,342970.0,85100.0,119320.0,297540.0,125365.0,199325.0,232720.0,75500.0,111360.0,486485.0,265295.0,23380.0,71400.0,156250.0,199970.0,3090415.0
2019,K02000001,United Kingdom,153725.0,169000.0,353620.0,88005.0,122950.0,306655.0,128240.0,204275.0,234930.0,77215.0,114290.0,492945.0,268865.0,24185.0,74755.0,160990.0,205960.0,3180605.0
2019,Total,Total,664820.0,830375.0,1793120.0,430710.0,628610.0,1549135.0,643160.0,1027005.0,1287890.0,404580.0,600945.0,2612940.0,1407605.0,114635.0,372575.0,806225.0,1051500.0,16225830.0
2020,E09000001,City of London,30.0,875.0,670.0,30.0,630.0,1330.0,220.0,475.0,2435.0,3495.0,990.0,7760.0,3630.0,5.0,215.0,270.0,960.0,24020.0
2020,E09000002,Barking and Dagenham,10.0,280.0,1775.0,230.0,340.0,565.0,675.0,335.0,630.0,60.0,125.0,780.0,685.0,0.0,115.0,320.0,300.0,7225.0
2020,E09000003,Barnet,30.0,610.0,3490.0,340.0,1090.0,2300.0,650.0,870.0,2640.0,465.0,2120.0,4850.0,2185.0,5.0,445.0,1065.0,1460.0,24615.0
2020,E09000004,Bexley,10.0,405.0,1985.0,230.0,255.0,570.0,405.0,440.0,1085.0,135.0,195.0,1430.0,780.0,0.0,155.0,355.0,495.0,8930.0
2020,E09000005,Brent,5.0,540.0,2455.0,375.0,860.0,1720.0,675.0,810.0,1845.0,200.0,770.0,2565.0,1310.0,0.0,235.0,585.0,940.0,15890.0
2020,E09000006,Bromley,55.0,460.0,2505.0,225.0,425.0,850.0,330.0,680.0,2150.0,325.0,470.0,3375.0,1505.0,5.0,290.0,635.0,1050.0,15335.0
2020,E09000007,Camden,45.0,1045.0,1445.0,150.0,1190.0,2425.0,650.0,1375.0,5020.0,780.0,1500.0,10120.0,3025.0,15.0,560.0,950.0,2710.0,33005.0
2020,E09000008,Croydon,20.0,510.0,2355.0,325.0,495.0,1425.0,550.0,835.0,2045.0,245.0,500.0,2865.0,1350.0,0.0,305.0,740.0,915.0,15480.0
2020,E09000009,Ealing,15.0,710.0,2510.0,415.0,1050.0,1650.0,770.0,800.0,2340.0,215.0,710.0,3240.0,1580.0,0.0,280.0,645.0,1085.0,18015.0
2020,E09000010,Enfield,35.0,510.0,2340.0,365.0,730.0,1270.0,665.0,645.0,1325.0,175.0,645.0,2235.0,1255.0,0.0,230.0,600.0,840.0,13865.0
2020,E09000011,Greenwich,10.0,350.0,1495.0,155.0,270.0,765.0,390.0,480.0,1575.0,135.0,255.0,2185.0,955.0,0.0,210.0,455.0,670.0,10355.0
2020,E09000012,Hackney,15.0,705.0,1385.0,120.0,640.0,1525.0,345.0,1000.0,4350.0,355.0,1350.0,5810.0,2110.0,0.0,380.0,575.0,1675.0,22340.0
2020,E09000013,Hammersmith and Fulham,20.0,375.0,810.0,115.0,475.0,895.0,185.0,635.0,1810.0,310.0,590.0,3285.0,1350.0,5.0,255.0,405.0,1045.0,12565.0
2020,E09000014,Haringey,15.0,495.0,1510.0,175.0,525.0,1040.0,365.0,660.0,1625.0,105.0,625.0,2600.0,1140.0,0.0,235.0,450.0,1135.0,12700.0
2020,E09000015,Harrow,15.0,360.0,2380.0,295.0,700.0,1040.0,560.0,510.0,2245.0,280.0,910.0,3255.0,1165.0,0.0,245.0,635.0,685.0,15280.0
2020,E09000016,Havering,35.0,430.0,2630.0,310.0,345.0,670.0,685.0,520.0,845.0,145.0,290.0,1375.0,1135.0,0.0,145.0,420.0,500.0,10480.0
2020,E09000017,Hillingdon,30.0,530.0,2320.0,370.0,635.0,1090.0,995.0,605.0,1795.0,220.0,535.0,2175.0,1110.0,5.0,250.0,480.0,700.0,13845.0
2020,E09000018,Hounslow,25.0,375.0,1465.0,280.0,625.0,945.0,870.0,585.0,2540.0,195.0,440.0,2440.0,1170.0,0.0,195.0,430.0,830.0,13410.0
2020,E09000019,Islington,25.0,680.0,1145.0,95.0,670.0,1460.0,325.0,1030.0,3905.0,610.0,745.0,5775.0,2015.0,5.0,345.0,640.0,1705.0,21175.0
2020,E09000020,Kensington and Chelsea,40.0,355.0,730.0,75.0,525.0,1180.0,165.0,780.0,1315.0,505.0,995.0,3540.0,1540.0,5.0,245.0,490.0,1205.0,13690.0
2020,E09000021,Kingston upon Thames,15.0,255.0,985.0,145.0,335.0,820.0,185.0,380.0,1390.0,125.0,300.0,2145.0,785.0,0.0,175.0,345.0,540.0,8925.0
2020,E09000022,Lambeth,10.0,380.0,990.0,125.0,320.0,925.0,280.0,920.0,2200.0,185.0,520.0,3640.0,1545.0,5.0,250.0,590.0,1270.0,14155.0
2020,E09000023,Lewisham,10.0,310.0,1065.0,135.0,215.0,730.0,285.0,655.0,1615.0,120.0,235.0,2305.0,995.0,0.0,190.0,495.0,930.0,10290.0
2020,E09000024,Merton,10.0,355.0,1595.0,205.0,405.0,690.0,445.0,410.0,1605.0,175.0,385.0,2590.0,1195.0,0.0,195.0,465.0,655.0,11380.0
2020,E09000025,Newham,5.0,385.0,2045.0,195.0,470.0,1385.0,745.0,600.0,1585.0,130.0,420.0,1855.0,1435.0,0.0,260.0,415.0,605.0,12535.0
2020,E09000026,Redbridge,15.0,385.0,2455.0,270.0,530.0,1280.0,650.0,555.0,2115.0,175.0,630.0,2600.0,1510.0,0.0,255.0,645.0,640.0,14710.0
2020,E09000027,Richmond upon Thames,20.0,305.0,935.0,110.0,360.0,795.0,185.0,520.0,2285.0,215.0,510.0,4025.0,1280.0,0.0,290.0,500.0,1205.0,13540.0
2020,E09000028,Southwark,20.0,575.0,940.0,110.0,440.0,1370.0,280.0,965.0,2645.0,410.0,535.0,4480.0,1675.0,5.0,330.0,590.0,1530.0,16900.0
2020,E09000029,Sutton,35.0,285.0,1760.0,160.0,285.0,545.0,295.0,400.0,1295.0,130.0,205.0,1530.0,765.0,0.0,150.0,365.0,505.0,8710.0
2020,E09000030,Tower Hamlets,15.0,565.0,805.0,135.0,735.0,1265.0,425.0,975.0,3260.0,515.0,760.0,4235.0,1605.0,5.0,395.0,515.0,1070.0,17280.0
2020,E09000031,Waltham Forest,10.0,440.0,2200.0,195.0,515.0,1265.0,510.0,600.0,1295.0,115.0,330.0,2055.0,1050.0,0.0,155.0,380.0,740.0,11855.0
2020,E09000032,Wandsworth,20.0,455.0,1160.0,125.0,600.0,1055.0,285.0,765.0,2405.0,275.0,640.0,5065.0,1915.0,0.0,300.0,615.0,1325.0,17005.0
2020,E09000033,Westminster,115.0,1550.0,3115.0,140.0,1615.0,3285.0,540.0,2535.0,5295.0,4435.0,5210.0,12275.0,5230.0,35.0,630.0,1465.0,4325.0,51795.0
2020,E13000001,Inner London,385.0,8750.0,17815.0,1725.0,9050.0,19870.0,5095.0,13370.0,39465.0,12230.0,15115.0,72745.0,29210.0,85.0,4590.0,8465.0,21490.0,279455.0
2020,E13000002,Outer London,400.0,8095.0,39635.0,5000.0,10250.0,20255.0,10490.0,10980.0,33045.0,3730.0,10325.0,47715.0,22770.0,15.0,4320.0,10065.0,14755.0,251845.0
2020,E12000001,North East,3950.0,4920.0,9525.0,2395.0,2115.0,5835.0,2890.0,6430.0,3345.0,1190.0,2270.0,11245.0,5540.0,245.0,1285.0,3005.0,5280.0,71465.0
2020,E12000002,North West,11680.0,16215.0,31525.0,8325.0,11255.0,24665.0,13240.0,17580.0,15745.0,7555.0,10065.0,42725.0,23365.0,560.0,4430.0,11425.0,16700.0,267055.0
2020,E12000003,Yorkshire and The Humber,11580.0,13385.0,23785.0,6820.0,7695.0,15340.0,12335.0,13745.0,10055.0,3765.0,6880.0,26310.0,14085.0,645.0,3125.0,7825.0,11890.0,189265.0
2020,E12000004,East Midlands,11030.0,13135.0,23905.0,6710.0,7525.0,13665.0,12800.0,10830.0,10015.0,5095.0,6460.0,25450.0,14155.0,935.0,3190.0,6885.0,12230.0,184015.0
2020,E12000005,West Midlands,12480.0,15565.0,26150.0,7600.0,9780.0,16965.0,15360.0,12490.0,12715.0,3620.0,7730.0,31175.0,24630.0,700.0,3595.0,8880.0,12470.0,221905.0
2020,E12000006,East,11935.0,15665.0,43505.0,8710.0,10550.0,17995.0,13940.0,13270.0,22185.0,5235.0,9510.0,44580.0,22840.0,1350.0,4755.0,9395.0,15975.0,271395.0
2020,E12000007,London,785.0,16845.0,57450.0,6725.0,19300.0,40125.0,15585.0,24350.0,72510.0,15960.0,25440.0,120460.0,51980.0,100.0,8910.0,18530.0,36245.0,531300.0
2020,E12000008,South East,11785.0,20485.0,57980.0,11155.0,14470.0,31050.0,14910.0,19780.0,45685.0,8560.0,14250.0,81095.0,36995.0,1250.0,7685.0,14865.0,26370.0,418370.0
2020,E12000009,South West,24200.0,13745.0,32435.0,7475.0,7245.0,15595.0,8490.0,15675.0,16295.0,4655.0,8570.0,35590.0,17840.0,1250.0,3940.0,8795.0,14405.0,236200.0
2020,E92000001,England,99425.0,129960.0,306260.0,65915.0,89935.0,181235.0,109550.0,134150.0,208550.0,55635.0,91175.0,418630.0,211430.0,7035.0,40915.0,89605.0,151565.0,2390970.0
2020,W92000004,Wales,13760.0,6640.0,13495.0,3725.0,3125.0,8505.0,4840.0,8900.0,4635.0,1900.0,2905.0,12060.0,8225.0,535.0,1370.0,4340.0,6895.0,105855.0
2020,S92000003,Scotland,17335.0,10770.0,20950.0,4645.0,5160.0,13385.0,5920.0,14435.0,10525.0,3315.0,5875.0,30845.0,13260.0,55.0,2020.0,6585.0,12615.0,177695.0
2020,N92000002,Northern Ireland,18325.0,5305.0,10545.0,2625.0,3110.0,5670.0,2765.0,4210.0,2035.0,1190.0,2385.0,6060.0,2840.0,40.0,695.0,2735.0,4645.0,75180.0
2020,K04000001,England and Wales,113185.0,136600.0,319755.0,69640.0,93060.0,189740.0,114390.0,143050.0,213185.0,57535.0,94080.0,430690.0,219655.0,7570.0,42285.0,93945.0,158460.0,2496825.0
2020,K03000001,Great Britain,130520.0,147370.0,340705.0,74285.0,98220.0,203125.0,120310.0,157485.0,223710.0,60850.0,99955.0,461535.0,232915.0,7625.0,44305.0,100530.0,171075.0,2674520.0
2020,K02000001,United Kingdom,148845.0,152675.0,351250.0,76910.0,101330.0,208795.0,123075.0,161695.0,225745.0,62040.0,102340.0,467595.0,235755.0,7665.0,45000.0,103265.0,175720.0,2749700.0
2020,Total,Total,642390.0,752970.0,1784120.0,377110.0,522475.0,1071940.0,621570.0,806775.0,1241955.0,330020.0,540770.0,2486965.0,1239470.0,37760.0,235325.0,527670.0,905030.0,14124315.0
2021,E09000001,City of London,25.0,895.0,780.0,30.0,730.0,1010.0,280.0,1295.0,2700.0,3790.0,1110.0,8030.0,3335.0,50.0,245.0,360.0,1100.0,25765.0
2021,E09000002,Barking and Dagenham,15.0,350.0,1910.0,260.0,455.0,815.0,860.0,495.0,575.0,80.0,160.0,800.0,825.0,145.0,180.0,515.0,380.0,8820.0
2021,E09000003,Barnet,45.0,675.0,3645.0,390.0,1255.0,3495.0,800.0,1085.0,2465.0,550.0,2245.0,4865.0,2325.0,50.0,590.0,1245.0,1605.0,27330.0
2021,E09000004,Bexley,10.0,445.0,2100.0,260.0,340.0,855.0,540.0,615.0,960.0,145.0,245.0,1405.0,865.0,25.0,240.0,500.0,595.0,10145.0
2021,E09000005,Brent,10.0,595.0,2510.0,435.0,970.0,2135.0,970.0,1000.0,1690.0,255.0,840.0,2490.0,1475.0,50.0,335.0,765.0,1070.0,17595.0
2021,E09000006,Bromley,60.0,495.0,2560.0,265.0,510.0,1405.0,415.0,895.0,1930.0,360.0,575.0,3225.0,1615.0,20.0,380.0,855.0,1195.0,16760.0
2021,E09000007,Camden,45.0,1105.0,1745.0,190.0,1380.0,3425.0,825.0,2190.0,5175.0,905.0,1690.0,10510.0,3570.0,95.0,770.0,1190.0,2870.0,37680.0
2021,E09000008,Croydon,20.0,540.0,2470.0,400.0,590.0,1710.0,725.0,1030.0,1885.0,315.0,590.0,2810.0,1495.0,55.0,420.0,1050.0,1045.0,17150.0
2021,E09000009,Ealing,20.0,770.0,2650.0,480.0,1175.0,2105.0,1010.0,1055.0,2170.0,235.0,810.0,3110.0,1735.0,30.0,405.0,850.0,1240.0,19850.0
2021,E09000010,Enfield,35.0,655.0,2515.0,420.0,850.0,1675.0,875.0,820.0,1300.0,230.0,750.0,2235.0,1430.0,25.0,325.0,790.0,1010.0,15940.0
2021,E09000011,Greenwich,5.0,380.0,1520.0,175.0,345.0,1125.0,525.0,775.0,1445.0,130.0,310.0,2020.0,1160.0,35.0,330.0,675.0,825.0,11780.0
2021,E09000012,Hackney,20.0,835.0,1505.0,140.0,745.0,2015.0,445.0,1215.0,4355.0,380.0,1570.0,5875.0,2275.0,45.0,525.0,775.0,1775.0,24495.0
2021,E09000013,Hammersmith and Fulham,10.0,400.0,830.0,130.0,555.0,1570.0,230.0,910.0,1780.0,375.0,670.0,3170.0,1555.0,90.0,300.0,540.0,1155.0,14270.0
2021,E09000014,Haringey,15.0,550.0,1555.0,185.0,600.0,1385.0,505.0,850.0,1550.0,150.0,700.0,2565.0,1190.0,30.0,310.0,615.0,1280.0,14035.0
2021,E09000015,Harrow,15.0,350.0,2495.0,330.0,780.0,1385.0,695.0,640.0,2090.0,335.0,965.0,3135.0,1215.0,10.0,300.0,725.0,770.0,16235.0
2021,E09000016,Havering,30.0,465.0,2755.0,365.0,440.0,1055.0,770.0,730.0,780.0,185.0,350.0,1365.0,1030.0,30.0,230.0,560.0,660.0,11800.0
2021,E09000017,Hillingdon,30.0,590.0,2470.0,435.0,795.0,1710.0,1315.0,995.0,1740.0,295.0,620.0,2205.0,1450.0,60.0,310.0,670.0,845.0,16535.0
2021,E09000018,Hounslow,25.0,430.0,1580.0,320.0,745.0,1360.0,1100.0,845.0,2345.0,240.0,515.0,2350.0,1460.0,35.0,305.0,580.0,950.0,15185.0
2021,E09000019,Islington,30.0,720.0,1295.0,120.0,840.0,1825.0,420.0,1385.0,3990.0,685.0,925.0,5780.0,2360.0,45.0,480.0,845.0,1850.0,23595.0
2021,E09000020,Kensington and Chelsea,50.0,380.0,770.0,85.0,575.0,1915.0,210.0,1125.0,1360.0,555.0,1190.0,3480.0,1800.0,35.0,315.0,675.0,1325.0,15845.0
2021,E09000021,Kingston upon Thames,15.0,285.0,1030.0,170.0,405.0,1425.0,255.0,555.0,1280.0,135.0,335.0,2055.0,885.0,70.0,210.0,485.0,610.0,10205.0
2021,E09000022,Lambeth,15.0,440.0,1045.0,140.0,405.0,1320.0,405.0,1265.0,2080.0,200.0,660.0,3435.0,1705.0,70.0,370.0,825.0,1410.0,15790.0
2021,E09000023,Lewisham,10.0,340.0,1120.0,150.0,270.0,1045.0,415.0,875.0,1450.0,125.0,320.0,2205.0,1020.0,35.0,285.0,675.0,1005.0,11345.0
2021,E09000024,Merton,15.0,390.0,1665.0,245.0,490.0,1015.0,545.0,615.0,1500.0,195.0,470.0,2520.0,1295.0,25.0,270.0,610.0,750.0,12615.0
2021,E09000025,Newham,5.0,460.0,2170.0,220.0,610.0,2025.0,965.0,950.0,1460.0,190.0,480.0,1820.0,1450.0,55.0,385.0,640.0,765.0,14650.0
2021,E09000026,Redbridge,15.0,435.0,2595.0,315.0,570.0,1715.0,790.0,690.0,1920.0,215.0,760.0,2545.0,1340.0,70.0,380.0,830.0,785.0,15970.0
2021,E09000027,Richmond upon Thames,30.0,325.0,975.0,125.0,435.0,1140.0,235.0,730.0,2105.0,240.0,585.0,4005.0,1295.0,20.0,350.0,660.0,1295.0,14550.0
2021,E09000028,Southwark,20.0,630.0,1010.0,135.0,510.0,2010.0,435.0,1375.0,2550.0,465.0,675.0,4415.0,1950.0,75.0,395.0,860.0,1625.0,19135.0
2021,E09000029,Sutton,30.0,315.0,1795.0,180.0,345.0,795.0,345.0,515.0,1220.0,160.0,255.0,1475.0,860.0,25.0,210.0,520.0,560.0,9605.0
2021,E09000030,Tower Hamlets,15.0,625.0,895.0,155.0,845.0,1680.0,540.0,1430.0,3030.0,580.0,950.0,3955.0,2010.0,60.0,520.0,730.0,1255.0,19275.0
2021,E09000031,Waltham Forest,15.0,485.0,2260.0,235.0,590.0,1575.0,645.0,745.0,1270.0,135.0,390.0,1980.0,1145.0,25.0,255.0,545.0,905.0,13200.0
2021,E09000032,Wandsworth,20.0,515.0,1250.0,150.0,705.0,1535.0,395.0,1175.0,2175.0,315.0,800.0,4760.0,2010.0,45.0,430.0,860.0,1470.0,18610.0
2021,E09000033,Westminster,115.0,1615.0,3310.0,160.0,1900.0,5200.0,740.0,3970.0,5545.0,4605.0,5425.0,12745.0,6450.0,285.0,740.0,1850.0,4810.0,59465.0
2021,E13000001,Inner London,395.0,9510.0,19280.0,1990.0,10670.0,27960.0,6810.0,20010.0,39200.0,13320.0,17165.0,72745.0,32680.0,1015.0,6070.0,11440.0,23695.0,313955.0
2021,E13000002,Outer London,440.0,8975.0,41500.0,5805.0,12085.0,28495.0,13415.0,14830.0,30670.0,4435.0,11770.0,46595.0,24900.0,805.0,6025.0,13430.0,17095.0,281270.0
2021,E12000001,North East,3945.0,5845.0,10105.0,2900.0,2970.0,9975.0,3865.0,8330.0,3555.0,1695.0,2825.0,11765.0,7290.0,945.0,2490.0,5820.0,6550.0,90870.0
2021,E12000002,North West,11100.0,18260.0,33495.0,9645.0,14510.0,36145.0,17120.0,22860.0,15890.0,8945.0,11700.0,44005.0,27605.0,2095.0,7705.0,18200.0,20135.0,319415.0
2021,E12000003,Yorkshire and The Humber,11095.0,15380.0,25330.0,7935.0,9465.0,24190.0,14695.0,17835.0,10065.0,4805.0,7880.0,27325.0,17615.0,2080.0,5465.0,12730.0,14080.0,227970.0
2021,E12000004,East Midlands,10615.0,14830.0,25455.0,7750.0,10625.0,20210.0,15795.0,14145.0,10010.0,5875.0,7315.0,26245.0,17410.0,2060.0,5425.0,11190.0,13940.0,218895.0
2021,E12000005,West Midlands,12085.0,17315.0,27475.0,8840.0,11625.0,25530.0,17200.0,17175.0,12805.0,4825.0,9005.0,31845.0,24265.0,1775.0,6130.0,13550.0,15090.0,256535.0
2021,E12000006,East,11355.0,17125.0,45190.0,10060.0,12475.0,26525.0,16840.0,18115.0,21405.0,6470.0,10935.0,45055.0,26820.0,2585.0,7310.0,14370.0,18595.0,311230.0
2021,E12000007,London,835.0,18485.0,60780.0,7795.0,22755.0,56455.0,20225.0,34840.0,69870.0,17755.0,28935.0,119340.0,57580.0,1820.0,12095.0,24870.0,40790.0,595225.0
2021,E12000008,South East,11345.0,22775.0,60655.0,13055.0,17410.0,47165.0,19085.0,27810.0,44025.0,10535.0,16810.0,81355.0,42570.0,2960.0,11315.0,22940.0,29965.0,481775.0
2021,E12000009,South West,23000.0,15800.0,34115.0,8750.0,9280.0,25535.0,11485.0,20520.0,16215.0,5850.0,9995.0,36820.0,20985.0,2515.0,6290.0,14100.0,16560.0,277815.0
2021,E92000001,England,95375.0,145815.0,322600.0,76730.0,111115.0,271730.0,136310.0,181630.0,203840.0,66755.0,105400.0,423755.0,242140.0,18835.0,64225.0,137770.0,175705.0,2779730.0
2021,W92000004,Wales,13745.0,7845.0,14320.0,4280.0,4130.0,13135.0,6560.0,10890.0,4830.0,2430.0,3560.0,12625.0,9530.0,1780.0,3245.0,7970.0,8420.0,129295.0
2021,S92000003,Scotland,17650.0,12745.0,22220.0,5715.0,7190.0,22625.0,8425.0,17845.0,10230.0,4530.0,6945.0,31100.0,16905.0,3165.0,5185.0,12245.0,16355.0,221075.0
2021,N92000002,Northern Ireland,18250.0,5930.0,10965.0,3030.0,3685.0,8910.0,3655.0,5070.0,2340.0,1720.0,2855.0,6710.0,4180.0,750.0,3305.0,4715.0,5945.0,92015.0
2021,K04000001,England and Wales,109120.0,153660.0,336920.0,81010.0,115245.0,284865.0,142870.0,192520.0,208670.0,69185.0,108960.0,436380.0,251670.0,20615.0,67470.0,145740.0,184125.0,2909025.0
2021,K03000001,Great Britain,126770.0,166405.0,359140.0,86725.0,122435.0,307490.0,151295.0,210365.0,218900.0,73715.0,115905.0,467480.0,268575.0,23780.0,72655.0,157985.0,200480.0,3130100.0
2021,K02000001,United Kingdom,145020.0,172335.0,370105.0,89755.0,126120.0,316400.0,154950.0,215435.0,221240.0,75435.0,118760.0,474190.0,272755.0,24530.0,75960.0,162700.0,206425.0,3222115.0
2021,Total,Total,622975.0,847520.0,1880430.0,439565.0,646545.0,1609795.0,780825.0,1085065.0,1213630.0,396035.0,625655.0,2514675.0,1423055.0,115930.0,380460.0,816635.0,1054740.0,16453535.0
2022,E09000001,City of London,25.0,910.0,800.0,30.0,730.0,1060.0,255.0,1220.0,2655.0,3725.0,1130.0,8000.0,3310.0,45.0,275.0,390.0,1050.0,25610.0
2022,E09000002,Barking and Dagenham,10.0,365.0,2020.0,280.0,475.0,915.0,840.0,460.0,510.0,75.0,180.0,780.0,855.0,145.0,190.0,495.0,405.0,9000.0
2022,E09000003,Barnet,45.0,725.0,3855.0,405.0,1555.0,3520.0,740.0,1135.0,2305.0,545.0,2400.0,4715.0,2345.0,45.0,620.0,1285.0,1685.0,27925.0
2022,E09000004,Bexley,15.0,440.0,2155.0,265.0,350.0,880.0,545.0,650.0,785.0,130.0,260.0,1285.0,855.0,25.0,250.0,510.0,600.0,10000.0
2022,E09000005,Brent,5.0,625.0,2600.0,475.0,975.0,1990.0,960.0,1090.0,1470.0,235.0,870.0,2305.0,1480.0,50.0,365.0,765.0,1125.0,17385.0
2022,E09000006,Bromley,55.0,500.0,2585.0,275.0,505.0,1445.0,435.0,925.0,1610.0,330.0,585.0,2960.0,1605.0,20.0,400.0,870.0,1190.0,16295.0
2022,E09000007,Camden,55.0,1110.0,1815.0,210.0,1430.0,3310.0,945.0,2230.0,5375.0,905.0,1750.0,10380.0,3620.0,95.0,810.0,1240.0,2885.0,38165.0
2022,E09000008,Croydon,20.0,530.0,2535.0,380.0,590.0,1790.0,785.0,1070.0,1630.0,290.0,620.0,2545.0,1470.0,70.0,425.0,1050.0,1070.0,16870.0
2022,E09000009,Ealing,20.0,765.0,2630.0,485.0,1165.0,2170.0,1020.0,1080.0,1960.0,220.0,880.0,2900.0,1725.0,30.0,410.0,870.0,1255.0,19585.0
2022,E09000010,Enfield,40.0,650.0,2745.0,430.0,885.0,1695.0,940.0,900.0,1190.0,220.0,805.0,2225.0,1545.0,25.0,360.0,800.0,1100.0,16555.0
2022,E09000011,Greenwich,10.0,410.0,1560.0,170.0,360.0,1180.0,515.0,810.0,1205.0,125.0,345.0,1800.0,1125.0,35.0,335.0,685.0,835.0,11505.0
2022,E09000012,Hackney,20.0,895.0,1655.0,150.0,855.0,2185.0,480.0,1310.0,4490.0,385.0,1700.0,5900.0,2370.0,45.0,560.0,840.0,1820.0,25660.0
2022,E09000013,Hammersmith and Fulham,10.0,390.0,855.0,130.0,585.0,1540.0,230.0,945.0,1670.0,380.0,725.0,3015.0,1535.0,100.0,315.0,550.0,1170.0,14145.0
2022,E09000014,Haringey,20.0,600.0,1665.0,180.0,645.0,1435.0,535.0,920.0,1490.0,135.0,740.0,2500.0,1325.0,30.0,325.0,625.0,1355.0,14525.0
2022,E09000015,Harrow,20.0,360.0,2595.0,335.0,770.0,1450.0,675.0,680.0,1740.0,310.0,1075.0,2940.0,1270.0,10.0,320.0,790.0,785.0,16125.0
2022,E09000016,Havering,35.0,475.0,2760.0,375.0,440.0,1105.0,675.0,680.0,655.0,175.0,370.0,1255.0,1030.0,35.0,235.0,570.0,670.0,11540.0
2022,E09000017,Hillingdon,30.0,630.0,2595.0,465.0,805.0,1735.0,1315.0,1015.0,1525.0,285.0,665.0,2010.0,1470.0,55.0,330.0,675.0,825.0,16430.0
2022,E09000018,Hounslow,25.0,440.0,1640.0,350.0,760.0,1435.0,1115.0,870.0,2025.0,235.0,560.0,2215.0,1385.0,35.0,320.0,580.0,960.0,14950.0
2022,E09000019,Islington,30.0,710.0,1365.0,130.0,890.0,1995.0,435.0,1455.0,3970.0,650.0,970.0,5645.0,2465.0,45.0,505.0,910.0,1905.0,24075.0
2022,E09000020,Kensington and Chelsea,55.0,375.0,815.0,80.0,565.0,1930.0,210.0,1120.0,1305.0,555.0,1165.0,3420.0,1795.0,30.0,330.0,685.0,1335.0,15770.0
2022,E09000021,Kingston upon Thames,20.0,295.0,1045.0,175.0,395.0,1185.0,270.0,585.0,1140.0,135.0,340.0,1840.0,880.0,70.0,215.0,485.0,630.0,9705.0
2022,E09000022,Lambeth,15.0,430.0,1120.0,150.0,435.0,1405.0,415.0,1300.0,1910.0,180.0,675.0,3095.0,1655.0,70.0,350.0,850.0,1420.0,15475.0
2022,E09000023,Lewisham,10.0,335.0,1120.0,150.0,290.0,1100.0,425.0,895.0,1310.0,120.0,330.0,2020.0,975.0,30.0,275.0,680.0,1065.0,11130.0
2022,E09000024,Merton,15.0,390.0,1690.0,255.0,505.0,1055.0,600.0,630.0,1310.0,195.0,495.0,2320.0,1280.0,20.0,285.0,590.0,750.0,12385.0
2022,E09000025,Newham,10.0,500.0,2465.0,230.0,700.0,2365.0,985.0,1045.0,1400.0,180.0,540.0,1750.0,1570.0,55.0,435.0,630.0,850.0,15710.0
2022,E09000026,Redbridge,15.0,455.0,2710.0,335.0,630.0,1635.0,820.0,790.0,1595.0,205.0,850.0,2260.0,1390.0,70.0,405.0,865.0,810.0,15840.0
2022,E09000027,Richmond upon Thames,30.0,335.0,995.0,120.0,425.0,1165.0,245.0,755.0,1910.0,230.0,610.0,3735.0,1330.0,25.0,350.0,655.0,1280.0,14195.0
2022,E09000028,Southwark,25.0,625.0,1055.0,125.0,520.0,2175.0,455.0,1420.0,2325.0,475.0,675.0,4130.0,1940.0,70.0,415.0,895.0,1615.0,18940.0
2022,E09000029,Sutton,30.0,310.0,1865.0,195.0,350.0,795.0,340.0,530.0,1085.0,155.0,265.0,1345.0,850.0,25.0,220.0,510.0,550.0,9420.0
2022,E09000030,Tower Hamlets,15.0,620.0,950.0,175.0,865.0,1740.0,595.0,1530.0,2765.0,550.0,995.0,3605.0,2000.0,65.0,560.0,730.0,1305.0,19065.0
2022,E09000031,Waltham Forest,25.0,505.0,2380.0,235.0,575.0,1475.0,680.0,800.0,1170.0,120.0,395.0,1940.0,1175.0,20.0,255.0,560.0,965.0,13275.0
2022,E09000032,Wandsworth,30.0,515.0,1195.0,150.0,720.0,1555.0,390.0,1190.0,1930.0,300.0,840.0,4270.0,1935.0,40.0,420.0,860.0,1505.0,17845.0
2022,E09000033,Westminster,125.0,1585.0,3375.0,180.0,1970.0,5605.0,720.0,4000.0,5760.0,4480.0,5475.0,12725.0,6645.0,280.0,785.0,1870.0,4930.0,60510.0
2022,E13000001,Inner London,445.0,9600.0,20250.0,2070.0,11200.0,29400.0,7075.0,20580.0,38355.0,13020.0,17710.0,70455.0,33140.0,1000.0,6360.0,11755.0,24210.0,316625.0
2022,E13000002,Outer London,465.0,9205.0,42960.0,6005.0,12515.0,28620.0,13515.0,15455.0,26820.0,4215.0,12570.0,43375.0,25065.0,810.0,6290.0,13610.0,17490.0,278985.0
2022,E12000001,North East,3995.0,5650.0,10400.0,2985.0,3015.0,10115.0,4260.0,8545.0,3345.0,1680.0,2960.0,11195.0,7435.0,925.0,2485.0,5785.0,6665.0,91440.0
2022,E12000002,North West,11295.0,18145.0,34795.0,9880.0,15050.0,35610.0,16520.0,23835.0,14820.0,8760.0,12250.0,41700.0,27750.0,2065.0,7810.0,18250.0,20670.0,319205.0
2022,E12000003,Yorkshire and The Humber,11180.0,15620.0,26560.0,8160.0,9520.0,24415.0,14245.0,18240.0,9450.0,4680.0,8245.0,26290.0,17890.0,2010.0,5575.0,12835.0,14330.0,229245.0
2022,E12000004,East Midlands,10735.0,14560.0,26460.0,7880.0,10485.0,22060.0,14405.0,14360.0,9185.0,5770.0,7595.0,25265.0,17165.0,2055.0,5420.0,11265.0,14345.0,219010.0
2022,E12000005,West Midlands,12205.0,16985.0,29405.0,9120.0,11515.0,26060.0,18865.0,18360.0,11890.0,4720.0,9405.0,30345.0,22320.0,1780.0,6195.0,13655.0,15390.0,258215.0
2022,E12000006,East,11450.0,16985.0,47160.0,10315.0,12465.0,26540.0,17215.0,18985.0,19565.0,6400.0,11580.0,43150.0,27225.0,2585.0,7410.0,14555.0,18945.0,312530.0
2022,E12000007,London,910.0,18805.0,63210.0,8075.0,23715.0,58020.0,20590.0,36035.0,65175.0,17235.0,30280.0,113830.0,58205.0,1810.0,12650.0,25365.0,41700.0,595610.0
2022,E12000008,South East,11515.0,22665.0,62815.0,13250.0,17605.0,42940.0,18430.0,28610.0,40055.0,10385.0,17465.0,77300.0,42805.0,2945.0,11340.0,23170.0,30425.0,473720.0
2022,E12000009,South West,23310.0,15675.0,35740.0,8950.0,9225.0,26055.0,11265.0,21315.0,15095.0,5785.0,10335.0,35425.0,21245.0,2565.0,6455.0,14120.0,16765.0,279325.0
2022,E92000001,England,96595.0,145090.0,336545.0,78615.0,112595.0,271815.0,135795.0,188285.0,188580.0,65415.0,110115.0,404500.0,242040.0,18740.0,65340.0,139000.0,179235.0,2778300.0
2022,W92000004,Wales,13780.0,7515.0,14890.0,4375.0,4155.0,13315.0,6550.0,11315.0,4655.0,2350.0,3675.0,12195.0,9780.0,1745.0,3295.0,7960.0,8480.0,130030.0
2022,S92000003,Scotland,17660.0,12575.0,22980.0,5825.0,7210.0,23000.0,8595.0,18385.0,8925.0,4230.0,7170.0,28465.0,16645.0,2890.0,5195.0,12280.0,16440.0,218470.0
2022,N92000002,Northern Ireland,18385.0,6025.0,11340.0,3175.0,3690.0,8875.0,3725.0,5240.0,2315.0,1680.0,2930.0,6835.0,4210.0,715.0,3310.0,4755.0,5975.0,93180.0
2022,K04000001,England and Wales,110375.0,152605.0,351435.0,82990.0,116750.0,285130.0,142345.0,199600.0,193235.0,67765.0,113790.0,416695.0,251820.0,20485.0,68635.0,146960.0,187715.0,2908330.0
2022,K03000001,Great Britain,128035.0,165180.0,374415.0,88815.0,123960.0,308130.0,150940.0,217985.0,202160.0,71995.0,120960.0,445160.0,268465.0,23375.0,73830.0,159240.0,204155.0,3126800.0
2022,K02000001,United Kingdom,146420.0,171205.0,385755.0,91990.0,127650.0,317005.0,154665.0,223225.0,204475.0,73675.0,123890.0,451995.0,272675.0,24090.0,77140.0,163995.0,210130.0,3219980.0
2022,Total,Total,629665.0,842895.0,1960325.0,450550.0,656035.0,1615125.0,779590.0,1124390.0,1123275.0,386995.0,653205.0,2398005.0,1424085.0,114400.0,387385.0,823920.0,1074765.0,16444610.0
